customer_id,total_basket_count,tenure,sale
9798859,6,93,20
11413563,6,65,20
818195,6,129,30
12049009,6,58,20
10083045,7,88,20
11248447,6,68,20
819721,9,129,30
4713723,6,115,30
11141669,10,69,20
10844015,6,73,20
5012539,6,114,30
11351893,6,66,20
4815027,6,115,30
11320883,6,67,20
4306642,6,117,30
10387447,6,82,20
831271,6,129,30
10373559,6,82,20
11350661,6,66,20
12030403,6,58,20
11884019,8,60,20
10991309,6,71,20
10880401,7,73,20
11328737,6,66,20
10395444,6,81,20
12282545,6,56,20
593411,6,130,30
844249,6,129,30
12417929,6,54,20
10284169,6,84,20
11073237,6,70,20
11158301,6,69,20
10189011,6,86,20
10205839,6,86,20
9485175,6,96,20
5267955,6,113,30
9421181,6,97,20
10862663,6,73,20
10176271,6,86,20
4754393,6,115,30
8904609,7,100,30
11158413,6,69,20
10055269,6,88,20
11769275,6,61,20
11474477,6,64,20
8015317,6,105,30
10597419,6,77,20
10717273,6,75,20
8209943,6,104,30
12150957,6,57,20
10905489,6,72,20
10599729,6,77,20
10597671,7,77,20
860990,8,129,30
11622037,6,63,20
8768879,6,101,30
8686965,7,101,30
12324641,6,55,20
4327911,8,117,30
4690133,6,115,30
12278147,6,56,20
11896087,6,60,20
9585247,6,95,20
4291119,6,117,30
12389433,6,54,20
12180511,7,57,20
11009271,7,71,20
11887183,6,60,20
10054681,8,88,20
12163949,6,57,20
9920547,8,91,20
11247145,6,68,20
4172693,6,117,30
4228777,6,117,30
12086053,7,58,20
10906945,7,72,20
11958233,7,59,20
11489583,7,64,20
11082519,6,70,20
10314675,6,83,20
11781455,6,61,20
9312625,6,97,20
5296431,6,113,30
11084409,6,70,20
11380033,7,66,20
11344473,6,66,20
4835963,6,114,30
10925873,6,72,20
11039245,6,71,20
12270531,7,56,20
4935693,6,114,30
9998695,8,89,20
11226271,6,68,20
11214021,7,69,20
12216155,6,56,20
11076569,6,70,20
12030263,6,58,20
9127153,7,99,20
1052163,7,127,30
8873795,6,100,30
9588622,6,95,20
10999638,6,71,20
4290055,6,117,30
11448465,8,64,20
10718246,7,75,20
5315275,6,113,30
8445465,7,103,30
11866519,6,60,20
9403541,6,97,20
10335899,10,83,20
875329,6,129,30
4763465,6,115,30
8486555,6,103,30
9500953,6,96,20
5043090,7,114,30
247695,6,130,30
11758257,6,61,20
9716497,6,94,20
12185131,7,57,20
4348197,6,117,30
4811849,6,115,30
851739,6,129,30
9837877,8,93,20
10065251,6,88,20
8463917,6,103,30
4219047,8,117,30
11149075,7,69,20
9170307,9,98,20
9519279,6,96,20
8238671,6,104,30
12230629,6,56,20
9468137,6,96,20
11107901,6,70,20
10686795,6,75,20
12233823,6,56,20
4327841,7,117,30
11498179,6,64,20
11290769,6,67,20
11709621,7,62,20
1077559,7,127,30
10387724,6,82,20
8926995,6,100,30
1101723,6,127,30
869421,6,129,30
4340231,6,117,30
5309731,6,113,30
10673747,6,76,20
551355,7,130,30
10095813,6,88,20
9290183,6,98,20
4664499,6,115,30
11136517,7,70,20
825111,6,129,30
9177805,6,98,20
10108945,7,88,20
12114907,6,57,20
8644391,7,102,30
8172059,7,104,30
9221863,6,98,20
8134763,6,104,30
10728179,6,75,20
8181525,6,104,30
8977465,6,99,20
4171055,6,117,30
10121204,6,87,20
11346531,6,66,20
845229,6,129,30
268289,6,130,30
10029579,7,89,20
828364,6,129,30
27867,6,131,30
10129007,6,87,20
25012,7,131,30
11451181,6,64,20
10606589,6,77,20
10704295,6,75,20
12066075,7,58,20
5299539,9,113,30
12389167,6,54,20
9826621,6,93,20
4874051,6,114,30
8898393,6,100,30
5283775,7,113,30
10314339,7,83,20
7913045,6,105,30
4355858,6,117,30
11042017,7,71,20
4187435,8,117,30
10676477,6,76,20
9976659,6,90,20
11533263,6,64,20
8343811,6,103,30
1059135,6,127,30
10592477,6,77,20
8053591,7,105,30
11880211,7,60,20
7884767,6,105,30
10582173,6,77,20
11702448,6,62,20
11899223,6,60,20
9824073,7,93,20
11100831,6,70,20
10290665,6,84,20
10406851,6,81,20
12342673,6,55,20
1053101,6,127,30
12310053,8,55,20
10412087,7,81,20
11413493,6,65,20
1095255,6,127,30
10829329,8,73,20
11479707,6,64,20
10781729,7,74,20
10917431,6,72,20
12434905,6,53,20
11800187,6,61,20
8503677,6,102,30
1082739,8,127,30
11626839,6,62,20
874020,7,129,30
7870625,7,105,30
10488093,6,79,20
876645,6,129,30
11220181,7,68,20
4698255,6,115,30
11788007,6,61,20
10642121,7,76,20
4335667,6,117,30
11435333,6,65,20
94857,7,131,30
8833545,6,100,30
12088195,6,58,20
10420081,6,81,20
4368931,6,117,30
11365949,7,66,20
8379157,8,103,30
9449223,6,96,20
11422215,6,65,20
10234100,6,85,20
10456803,6,80,20
8338141,6,103,30
11191201,7,69,20
10900337,6,72,20
11339363,6,66,20
11422873,8,65,20
11899615,6,60,20
8784349,6,101,30
12209015,7,56,20
12317473,6,55,20
12499165,7,53,20
825559,8,129,30
10549693,6,78,20
12065991,6,58,20
11757193,6,61,20
10333869,6,83,20
11247845,6,68,20
565649,6,130,30
11997262,6,59,20
488817,6,130,30
11369659,8,66,20
825587,8,129,30
11689517,8,62,20
4667159,13,115,30
11001361,7,71,20
7918354,7,105,30
10942813,6,72,20
4796696,8,115,30
12217219,6,56,20
9892631,6,91,20
11573933,6,63,20
11244919,6,68,20
11781469,6,61,20
12274899,7,56,20
5153841,6,113,30
11199895,7,69,20
10959781,6,72,20
11964447,7,59,20
11259857,6,68,20
85617,6,131,30
840553,7,129,30
11489625,6,64,20
10632909,6,76,20
11784316,7,61,20
1119069,6,127,30
9644619,7,95,20
10343445,8,82,20
12500117,6,53,20
11342933,7,66,20
10844755,6,73,20
11679406,6,62,20
5000569,6,114,30
4769717,6,115,30
11857839,6,60,20
4326203,7,117,30
11497801,6,64,20
878213,7,129,30
11484963,6,64,20
12098877,6,58,20
10984211,6,71,20
11642841,6,62,20
11834445,6,60,20
446047,6,130,30
11544281,6,63,20
12510113,6,53,20
4796421,6,115,30
12497345,6,53,20
11831463,6,60,20
12315093,8,55,20
11677267,7,62,20
1074773,6,127,30
10602557,9,77,20
11352340,8,66,20
12166310,6,57,20
11548523,6,63,20
8180851,6,104,30
5107095,7,113,30
11648973,7,62,20
11700619,6,62,20
11745279,6,61,20
10807279,7,74,20
4790401,6,115,30
9192359,7,98,20
11746343,10,61,20
5097533,7,113,30
11932151,6,59,20
10906217,6,72,20
10078859,6,88,20
10654567,7,76,20
11788749,6,61,20
10791963,6,74,20
10200841,7,86,20
10628177,7,76,20
10509037,7,79,20
10831401,6,73,20
8649621,7,102,30
9016735,6,99,20
11760875,7,61,20
4965723,6,114,30
879151,6,129,30
8888047,6,100,30
10273193,8,84,20
9573613,6,95,20
9873759,6,92,20
1134903,6,127,30
8920695,6,100,30
9082745,6,99,20
829829,7,129,30
10712621,8,75,20
10848971,6,73,20
10385641,6,82,20
8531789,7,102,30
9118025,6,99,20
4810701,6,115,30
8834469,6,100,30
10349913,6,82,20
9845563,6,92,20
10606211,6,77,20
9381575,6,97,20
829101,6,129,30
11037355,6,71,20
10819571,7,73,20
10601479,7,77,20
9556617,6,95,20
8631147,7,102,30
5302577,6,113,30
10121979,6,87,20
11698967,6,62,20
8846327,7,100,30
10473393,6,80,20
9063145,6,99,20
11025640,7,71,20
4787446,6,115,30
7965279,6,105,30
9679047,7,94,20
9473835,6,96,20
9487107,6,96,20
9618385,6,95,20
9339589,6,97,20
10885651,6,73,20
10948539,6,72,20
9741053,6,94,20
4951093,6,114,30
5108733,8,113,30
10910739,6,72,20
375406,7,130,30
9420845,8,97,20
9880521,6,92,20
8620255,6,102,30
318885,6,130,30
8603175,6,102,30
8693856,7,101,30
9590399,6,95,20
11123021,6,70,20
5127437,6,113,30
10536729,6,78,20
5106801,6,113,30
10719499,6,75,20
10295397,6,83,20
9427047,7,96,20
11743039,6,61,20
5260801,6,113,30
9142273,6,98,20
5134213,6,113,30
11635337,6,62,20
832445,6,129,30
10363773,7,82,20
818377,6,129,30
8924069,8,100,30
342381,6,130,30
691705,7,130,30
11058327,7,70,20
4201253,6,117,30
4333217,7,117,30
9414951,6,97,20
8635445,6,102,30
5026973,6,114,30
5185481,7,113,30
10337831,6,83,20
4671082,6,115,30
11284931,6,67,20
8034089,6,105,30
8984101,9,99,20
5287499,6,113,30
9116443,7,99,20
10334633,6,83,20
5197572,6,113,30
10270295,7,84,20
10519621,6,79,20
9947623,6,90,20
10127607,6,87,20
11913069,6,59,20
9820055,6,93,20
9573627,6,95,20
10939047,6,72,20
9159283,7,98,20
9917033,6,91,20
4372137,6,117,30
8257515,6,104,30
9234841,8,98,20
9002329,7,99,20
11857489,6,60,20
1079407,6,127,30
11561389,7,63,20
10881871,6,73,20
11582081,6,63,20
1086353,6,127,30
12196247,6,56,20
11196059,6,69,20
11709957,6,62,20
11305721,6,67,20
12465257,7,53,20
11433107,6,65,20
11860429,7,60,20
10349101,6,82,20
11826199,8,60,20
8751981,9,101,30
9328949,7,97,20
12265337,6,56,20
8228255,7,104,30
85855,6,131,30
842709,6,129,30
9643711,6,95,20
12202127,7,56,20
12066068,7,58,20
10515561,6,79,20
10907267,6,72,20
549605,7,130,30
11715739,6,62,20
12276369,6,56,20
10164819,6,87,20
11591223,7,63,20
4920839,6,114,30
1123899,6,127,30
12442773,6,53,20
10687145,6,75,20
12204885,6,56,20
10689889,6,75,20
10041633,6,89,20
10717595,6,75,20
11366243,6,66,20
10075572,6,88,20
12291811,6,55,20
12043955,6,58,20
64029,6,131,30
10454969,6,80,20
11075099,6,70,20
848659,7,129,30
11664952,6,62,20
5096385,6,113,30
88711,6,131,30
11059923,6,70,20
11531261,6,64,20
11138043,6,70,20
11646033,7,62,20
11963525,6,59,20
12176703,6,57,20
11887001,10,60,20
11604005,7,63,20
11119801,6,70,20
89271,7,131,30
10558177,6,78,20
11247299,6,68,20
10212377,6,86,20
11788943,6,61,20
11814397,6,60,20
4780363,6,115,30
1073247,8,127,30
828520,6,129,30
10199315,6,86,20
10218817,9,85,20
1125285,7,127,30
12492459,6,53,20
10860353,6,73,20
36888,6,131,30
11443215,6,65,20
12262341,8,56,20
9585121,6,95,20
11121971,6,70,20
11615135,7,63,20
12297201,7,55,20
10653573,6,76,20
9511047,7,96,20
1037757,6,127,30
11375553,6,66,20
11702453,7,62,20
12316493,6,55,20
11735661,7,61,20
10598618,8,77,20
4826283,6,114,30
11536721,7,64,20
12437859,6,53,20
12288773,6,55,20
8899149,10,100,30
11861521,6,60,20
11702971,8,62,20
4960333,6,114,30
11903115,6,60,20
11154969,6,69,20
821667,6,129,30
11723677,6,61,20
11980269,6,59,20
5180819,6,113,30
8425207,6,103,30
11022557,6,71,20
10327667,6,83,20
10556427,6,78,20
9654043,7,95,20
8182486,6,104,30
10775033,6,74,20
10970085,8,71,20
8886087,6,100,30
11776894,6,61,20
9936185,6,91,20
11221525,6,68,20
11201586,6,69,20
4369519,6,117,30
4640825,6,115,30
4880295,9,114,30
12297425,6,55,20
11926607,6,59,20
11871461,6,60,20
11519301,6,64,20
526869,6,130,30
10249337,7,85,20
8427643,10,103,30
10016433,6,89,20
9707803,6,94,20
11064193,7,70,20
9484503,6,96,20
10781463,6,74,20
1082165,6,127,30
8465275,7,103,30
1073149,6,127,30
9664641,7,95,20
5188813,6,113,30
4995165,6,114,30
9194381,6,98,20
8477791,6,103,30
91413,6,131,30
828331,6,129,30
10762199,6,74,20
9031729,7,99,20
8060465,6,105,30
8267763,7,104,30
4266031,6,117,30
11362169,6,66,20
10747919,6,74,20
11334071,6,66,20
8918595,6,100,30
10161137,6,87,20
10855045,6,73,20
247709,6,130,30
8918049,6,100,30
10392207,6,81,20
30667,6,131,30
9580599,7,95,20
10491635,8,79,20
184331,6,130,30
8136135,7,104,30
854707,7,129,30
9448831,7,96,20
12024495,6,58,20
1032521,6,127,30
10863349,6,73,20
8285571,8,104,30
836731,7,129,30
11453995,7,64,20
8881145,6,100,30
12205025,6,56,20
5289571,6,113,30
10239747,6,85,20
9777481,7,93,20
9821147,6,93,20
5137741,6,113,30
4703503,6,115,30
854147,6,129,30
11654097,7,62,20
10878342,6,73,20
31675,6,131,30
9282749,6,98,20
9337335,6,97,20
9096969,6,99,20
9204321,6,98,20
5032741,8,114,30
9499259,8,96,20
9757993,6,94,20
8308951,6,104,30
10897775,6,72,20
9660928,6,95,20
8960035,6,99,20
464499,7,130,30
1115121,6,127,30
9874921,6,92,20
5277898,6,113,30
9177889,8,98,20
5185915,8,113,30
8306199,6,104,30
181979,6,130,30
10665669,8,76,20
10130477,7,87,20
10856909,6,73,20
399651,6,130,30
9396765,6,97,20
8994802,6,99,20
1110879,6,127,30
4861577,7,114,30
8390375,6,103,30
10162341,6,87,20
8733627,6,101,30
10072629,6,88,20
8792548,6,101,30
10235645,6,85,20
4351515,6,117,30
4290419,8,117,30
10488891,6,79,20
9566529,7,95,20
8270017,7,104,30
11270637,7,68,20
4880631,7,114,30
4335737,7,117,30
4263357,6,117,30
10231753,8,85,20
10325819,7,83,20
9433907,6,96,20
9448929,6,96,20
11120361,6,70,20
7913703,6,105,30
12052537,7,58,20
12163067,6,57,20
10750775,7,74,20
8261351,6,104,30
10487435,6,79,20
1085427,8,127,30
12108649,7,57,20
12351395,6,55,20
12239409,12,56,20
11856957,7,60,20
10048409,7,89,20
8384201,6,103,30
11763745,6,61,20
11305707,6,67,20
10754023,6,74,20
11464173,6,64,20
8381429,7,103,30
9695749,7,94,20
1134497,6,127,30
11915197,6,59,20
853041,7,129,30
7887481,6,105,30
11571469,7,63,20
11558778,6,63,20
11662427,6,62,20
8003765,6,105,30
9111641,6,99,20
10485312,7,79,20
9146613,6,98,20
10173863,6,86,20
1098349,6,127,30
5199355,6,113,30
10620218,6,76,20
9294873,8,97,20
5084527,8,113,30
8659175,6,102,30
10931417,6,72,20
8050903,6,105,30
11875913,6,60,20
12403965,7,54,20
11067679,6,70,20
10774127,6,74,20
822269,6,129,30
4198957,7,117,30
861483,6,129,30
4954103,6,114,30
11211053,6,69,20
8157303,6,104,30
4735437,8,115,30
11120165,7,70,20
11936407,10,59,20
11344837,6,66,20
11618173,9,63,20
11248727,7,68,20
9945957,7,90,20
10831625,6,73,20
11367881,6,66,20
11194729,6,69,20
11756157,6,61,20
10926349,6,72,20
10587213,6,77,20
11666641,6,62,20
11697455,7,62,20
1031779,6,127,30
855925,6,129,30
12408529,12,54,20
11142495,13,69,20
9918069,6,91,20
8594971,7,102,30
8984605,7,99,20
12331683,6,55,20
10462039,6,80,20
11526263,8,64,20
10092369,6,88,20
11435137,7,65,20
11546381,7,63,20
229985,6,130,30
11501511,7,64,20
427231,7,130,30
413763,7,130,30
9718513,6,94,20
10849461,6,73,20
9760303,9,94,20
10734759,7,75,20
9171897,6,98,20
11356121,6,66,20
10269889,6,84,20
12369195,6,54,20
10524003,6,78,20
11807789,6,60,20
11229505,6,68,20
8237075,6,104,30
11884072,7,60,20
11954341,8,59,20
10723965,6,75,20
11941853,6,59,20
9257969,6,98,20
9059715,6,99,20
814457,8,129,30
10217969,6,85,20
11481253,10,64,20
8770783,6,101,30
5056919,7,114,30
11416895,6,65,20
8550934,8,102,30
12129425,6,57,20
4376603,7,117,30
11644549,6,62,20
11715221,7,62,20
4159309,7,117,30
11171643,6,69,20
11789236,6,61,20
11774945,6,61,20
10666845,11,76,20
8164051,6,104,30
11468415,6,64,20
12065963,6,58,20
4277175,7,117,30
11155921,6,69,20
10060043,6,88,20
12113465,7,57,20
8398901,9,103,30
5028765,7,114,30
5219473,7,113,30
10586415,6,77,20
8219883,6,104,30
9912035,8,91,20
12515433,8,53,20
12111267,7,57,20
11096323,6,70,20
12513683,7,53,20
10314185,6,83,20
12273527,6,56,20
11905929,6,60,20
10447731,6,80,20
11773042,7,61,20
11600687,6,63,20
10786377,7,74,20
11582165,6,63,20
10524891,6,78,20
4978502,6,114,30
4912369,6,114,30
10198139,6,86,20
10460471,6,80,20
12191375,6,57,20
11645137,7,62,20
11844973,6,60,20
10933209,8,72,20
11868493,7,60,20
10418177,6,81,20
9639203,6,95,20
8556121,6,102,30
11284968,8,67,20
9839319,6,93,20
11955977,6,59,20
12126835,6,57,20
5247473,6,113,30
538377,6,130,30
9716077,6,94,20
5267423,6,113,30
8815401,6,101,30
8878401,6,100,30
9801379,6,93,20
5171467,6,113,30
12243721,6,56,20
12479999,6,53,20
10554075,6,78,20
1043175,7,127,30
9190643,6,98,20
9164771,6,98,20
10538857,6,78,20
8167607,8,104,30
141673,6,130,30
9831815,7,93,20
12420653,6,54,20
10561005,6,78,20
8469041,6,103,30
12079403,6,58,20
4738461,6,115,30
10004477,6,89,20
455651,6,130,30
11721031,7,61,20
10549777,6,78,20
8119237,6,104,30
9184595,7,98,20
8896783,6,100,30
1099147,7,127,30
5143747,7,113,30
4271295,7,117,30
752899,7,129,30
9084329,6,99,20
11168689,6,69,20
9801771,6,93,20
4743039,6,115,30
9114441,7,99,20
5033903,6,114,30
4343087,7,117,30
10005345,6,89,20
10164189,7,87,20
9470601,8,96,20
8938727,6,100,30
10141327,6,87,20
11683791,7,62,20
868329,7,129,30
9811193,6,93,20
8938223,7,100,30
774669,6,129,30
8554917,6,102,30
11685121,6,62,20
4172861,6,117,30
10308165,6,83,20
4766783,7,115,30
1047501,6,127,30
9210467,7,98,20
10998001,6,71,20
1034341,6,127,30
9705171,6,94,20
1110053,6,127,30
10434753,6,81,20
8295231,8,104,30
11952857,6,59,20
9691213,6,94,20
9794295,7,93,20
5007233,7,114,30
439481,8,130,30
5301877,6,113,30
9715223,9,94,20
5083351,6,113,30
10112053,7,88,20
263571,6,130,30
12505801,6,53,20
10867857,8,73,20
10200183,6,86,20
1031947,8,127,30
8064119,6,105,30
11271351,8,68,20
10898111,6,72,20
9927071,6,91,20
10663821,6,76,20
9875271,6,92,20
4726799,6,115,30
11648427,6,62,20
4880309,6,114,30
11560780,7,63,20
604905,6,130,30
8071301,6,105,30
4907735,6,114,30
9302237,6,97,20
10880121,6,73,20
11804555,6,61,20
8089991,7,105,30
5174407,6,113,30
10395707,6,81,20
8246231,6,104,30
11660145,6,62,20
8432571,6,103,30
11050235,6,70,20
4751119,6,115,30
4742283,6,115,30
11491809,6,64,20
8924783,6,100,30
5239549,6,113,30
10453751,7,80,20
12336233,12,55,20
4279877,6,117,30
8297093,6,104,30
4320589,6,117,30
10512047,6,79,20
7874752,6,105,30
11428865,6,65,20
8332765,6,103,30
10987487,6,71,20
9001629,6,99,20
9507211,6,96,20
11416419,7,65,20
12152375,6,57,20
11267235,6,68,20
12102139,6,58,20
11748667,6,61,20
9784103,6,93,20
10972857,6,71,20
1124165,7,127,30
7993629,6,105,30
8990373,6,99,20
11202695,8,69,20
4664247,7,115,30
10598595,6,77,20
12355917,6,54,20
11332391,7,66,20
11390295,6,65,20
814807,7,129,30
8775375,8,101,30
12107753,7,57,20
12236219,7,56,20
11346965,6,66,20
9659125,6,95,20
10404443,6,81,20
9710099,7,94,20
11952899,6,59,20
4893260,6,114,30
12400409,6,54,20
10635961,6,76,20
11476717,6,64,20
11351543,6,66,20
10200631,7,86,20
11808489,6,60,20
10558107,6,78,20
12460525,7,53,20
95795,8,131,30
12448317,7,53,20
12244057,8,56,20
10349339,7,82,20
11071963,6,70,20
8667001,6,102,30
11445441,6,65,20
12239969,6,56,20
11965261,6,59,20
11067385,6,70,20
8292893,6,104,30
10456015,6,80,20
5166217,6,113,30
11686241,8,62,20
11817589,6,60,20
10589285,7,77,20
4881975,6,114,30
10466589,6,80,20
5303011,8,113,30
10847109,9,73,20
12049359,6,58,20
11913979,7,59,20
10350907,6,82,20
5127129,6,113,30
11555705,6,63,20
9615137,6,95,20
1067899,6,127,30
9054213,6,99,20
4874625,7,114,30
5188589,6,113,30
11441437,6,65,20
11826913,6,60,20
722379,6,130,30
629391,6,130,30
10655253,6,76,20
10054233,6,88,20
10588879,8,77,20
5211031,6,113,30
10704547,6,75,20
11054869,6,70,20
9235289,6,98,20
11321009,7,67,20
8436323,7,103,30
12404973,6,54,20
9158779,6,98,20
11164923,6,69,20
9882929,6,92,20
5135193,7,113,30
11870117,8,60,20
12040525,6,58,20
10137575,6,87,20
11170733,10,69,20
10083549,6,88,20
4835971,6,114,30
11332979,6,66,20
10813016,12,74,20
12442507,7,53,20
12033511,8,58,20
11053959,6,70,20
11737579,8,61,20
10646363,7,76,20
10525627,6,78,20
10709489,6,75,20
9702637,6,94,20
4648749,6,115,30
11635449,6,62,20
10623347,6,76,20
11177677,6,69,20
9526891,6,96,20
11019561,6,71,20
5094243,9,113,30
9177091,6,98,20
11384331,6,65,20
11290111,6,67,20
11405317,6,65,20
11218767,7,69,20
12004951,6,59,20
8012795,8,105,30
4359663,6,117,30
12319769,6,55,20
9761955,7,94,20
12114445,7,57,20
10575747,9,77,20
10620995,6,76,20
11539129,6,63,20
106519,6,130,30
8212043,6,104,30
11362953,6,66,20
10173723,8,86,20
11832471,6,60,20
11664373,6,62,20
10364893,6,82,20
10580031,6,77,20
8449007,6,103,30
5064829,7,114,30
11816287,6,60,20
7975331,7,105,30
11610193,7,63,20
9822225,6,93,20
8945181,8,100,30
5110049,6,113,30
10075065,6,88,20
4776093,6,115,30
29561,9,131,30
8815793,8,101,30
4365725,6,117,30
9924579,6,91,20
8795820,6,101,30
8928619,7,100,30
10719415,6,75,20
10235687,6,85,20
4855907,6,114,30
8396997,6,103,30
4181877,7,117,30
11200917,6,69,20
12378821,6,54,20
1061445,7,127,30
9566599,6,95,20
8584947,8,102,30
11823315,6,60,20
4731265,6,115,30
9217705,6,98,20
9065155,6,99,20
10553347,6,78,20
839839,6,129,30
10730825,6,75,20
1037071,8,127,30
8784755,6,101,30
10139059,6,87,20
9639967,6,95,20
9389329,6,97,20
192577,6,130,30
5237995,6,113,30
9385747,6,97,20
7974057,6,105,30
10894107,7,72,20
8210111,6,104,30
5153239,6,113,30
4935455,7,114,30
4266689,6,117,30
8545873,6,102,30
10107363,6,88,20
10226027,12,85,20
10105529,7,88,20
309449,6,130,30
9851331,6,92,20
4957197,8,114,30
4822223,6,114,30
829087,6,129,30
8705049,6,101,30
1053913,6,127,30
11134347,6,70,20
12266345,6,56,20
4355155,6,117,30
10913483,7,72,20
1081577,6,127,30
10174829,6,86,20
10032743,8,89,20
80367,6,131,30
8472065,6,103,30
680911,6,130,30
10058517,7,88,20
8841080,6,100,30
10872141,6,73,20
9211615,6,98,20
4258261,6,117,30
4765747,6,115,30
8556219,6,102,30
11372613,9,66,20
5019357,6,114,30
10578827,6,77,20
10371445,6,82,20
10817681,6,74,20
8030407,6,105,30
4906559,6,114,30
9337517,6,97,20
8968029,6,99,20
9531067,6,96,20
4240047,10,117,30
10087357,6,88,20
7862379,6,105,30
9090949,6,99,20
8264529,6,104,30
4306897,6,117,30
10870307,6,73,20
11921749,6,59,20
11774063,7,61,20
11067399,6,70,20
11362407,8,66,20
11477753,6,64,20
11801587,7,61,20
8622929,7,102,30
10129525,6,87,20
10742053,6,75,20
10551835,6,78,20
12385737,6,54,20
12147345,6,57,20
9414391,6,97,20
10470033,6,80,20
12017369,6,58,20
12501293,6,53,20
1029203,6,127,30
8503257,8,102,30
8636617,7,102,30
8040305,6,105,30
11787013,8,61,20
11740813,6,61,20
12156585,6,57,20
1082697,6,127,30
11756381,6,61,20
12188267,6,57,20
12149403,6,57,20
11111289,6,70,20
11987115,6,59,20
12275795,6,56,20
11766825,6,61,20
11448325,7,64,20
10189795,6,86,20
11540109,9,63,20
10640259,7,76,20
12055813,8,58,20
5117280,7,113,30
9645461,8,95,20
207977,6,130,30
12202337,6,56,20
9104081,6,99,20
8290023,6,104,30
8330111,6,103,30
23205,6,131,30
11526907,7,64,20
11779033,6,61,20
1032703,6,127,30
11222169,6,68,20
4345789,7,117,30
11534383,6,64,20
549241,6,130,30
11764837,6,61,20
9848531,7,92,20
5281745,6,113,30
12405183,6,54,20
10476053,6,80,20
10663247,6,76,20
10297413,8,83,20
5168429,6,113,30
11788091,6,61,20
8906877,6,100,30
9974209,6,90,20
12317417,6,55,20
11704147,6,62,20
11481099,7,64,20
11217479,6,69,20
11191733,6,69,20
12238513,6,56,20
11565743,8,63,20
9892463,7,91,20
9919889,11,91,20
11198845,6,69,20
8812671,6,101,30
11277413,6,67,20
9193765,6,98,20
11654727,6,62,20
11412807,7,65,20
11083667,6,70,20
10365341,6,82,20
10370241,7,82,20
11402993,6,65,20
8366211,6,103,30
11481029,6,64,20
10495793,6,79,20
11716861,7,62,20
12369228,7,54,20
11628491,6,62,20
12047721,6,58,20
11963595,6,59,20
11676361,6,62,20
12046167,7,58,20
5020421,6,114,30
11808727,6,60,20
9773099,6,94,20
8589287,7,102,30
12514691,6,53,20
12397637,7,54,20
11278435,6,67,20
10609067,6,77,20
9929941,7,91,20
10862677,6,73,20
11506915,6,64,20
9007775,6,99,20
10239271,6,85,20
8242143,8,104,30
12293365,6,55,20
4368455,6,117,30
12096175,6,58,20
9870819,8,92,20
11323053,8,67,20
11601695,6,63,20
10674153,6,76,20
12265225,7,56,20
10726947,6,75,20
11644633,6,62,20
11747715,6,61,20
11464887,7,64,20
11350983,7,66,20
10676169,7,76,20
10041717,6,89,20
12122889,7,57,20
10662967,6,76,20
11362281,6,66,20
12513403,6,53,20
8700727,7,101,30
4656841,8,115,30
10276682,6,84,20
4916331,6,114,30
10358187,6,82,20
10198251,6,86,20
5081979,6,113,30
8755019,6,101,30
4715795,7,115,30
7893347,6,105,30
10518235,7,79,20
4652165,6,115,30
4333245,6,117,30
5107291,6,113,30
10289461,6,84,20
9000705,8,99,20
1093491,7,127,30
9849399,7,92,20
222747,7,130,30
11137175,7,70,20
12237631,6,56,20
9746961,6,94,20
4200049,6,117,30
12242797,6,56,20
11770647,6,61,20
5234425,6,113,30
804951,6,129,30
9059113,6,99,20
1080611,6,127,30
4345705,7,117,30
8819265,6,101,30
8768487,8,101,30
8385629,6,103,30
9542561,6,95,20
9992451,6,89,20
8957949,6,100,30
9948771,6,90,20
10593513,7,77,20
10667489,6,76,20
11819493,6,60,20
9690293,6,94,20
11945577,6,59,20
9063649,6,99,20
5154387,6,113,30
10343431,6,82,20
9998177,6,89,20
581469,6,130,30
7978355,6,105,30
10406543,10,81,20
8434321,6,103,30
9037315,6,99,20
10556329,7,78,20
4725441,11,115,30
861917,8,129,30
9924719,7,91,20
1133391,7,127,30
9773631,6,94,20
10391619,6,81,20
9897433,12,91,20
1037407,6,127,30
9305275,7,97,20
9192379,6,98,20
10159735,6,87,20
10439835,6,80,20
11878349,6,60,20
8645959,9,102,30
11099319,7,70,20
852103,6,129,30
9406677,6,97,20
4157979,6,117,30
9689743,8,94,20
8544823,6,102,30
5072865,6,113,30
5073145,6,113,30
7935039,6,105,30
9248141,6,98,20
10604405,10,77,20
4968397,6,114,30
4838166,6,114,30
1097719,6,127,30
793205,6,129,30
9988788,11,90,20
4277105,6,117,30
238511,6,130,30
11516323,8,64,20
4826773,7,114,30
10969161,6,71,20
9754199,6,94,20
9007498,8,99,20
12017649,6,58,20
4365389,6,117,30
9887566,6,92,20
10743691,6,75,20
11136755,8,70,20
9544493,6,95,20
9477517,6,96,20
7992607,6,105,30
11441059,7,65,20
10619833,7,76,20
4956175,6,114,30
9874389,6,92,20
4819353,6,114,30
10668721,6,76,20
8142029,11,104,30
9770940,6,94,20
12048113,6,58,20
9506833,7,96,20
4759741,8,115,30
10927259,6,72,20
1037099,6,127,30
9131297,7,99,20
10059553,7,88,20
9388337,6,97,20
9683667,8,94,20
4193819,6,117,30
12257301,7,56,20
12310375,6,55,20
12116083,7,57,20
12127521,6,57,20
1081983,6,127,30
12288871,6,55,20
10246579,6,85,20
12029605,6,58,20
10403981,8,81,20
8492084,6,102,30
8666581,7,102,30
772991,7,129,30
10502611,6,79,20
11217857,6,69,20
10406767,6,81,20
10550421,6,78,20
4931115,6,114,30
11475247,6,64,20
10860815,6,73,20
10117555,8,88,20
11164447,6,69,20
8717977,6,101,30
11985085,7,59,20
10702923,7,75,20
8682448,7,101,30
10588571,7,77,20
9121119,6,99,20
11177411,7,69,20
10229289,6,85,20
12382251,6,54,20
10771411,10,74,20
10161795,6,87,20
5203807,6,113,30
12461253,6,53,20
11841333,6,60,20
10480029,6,79,20
11325111,6,67,20
12362007,6,54,20
38213,6,131,30
10654931,7,76,20
11637157,6,62,20
11595829,6,63,20
813911,6,129,30
11973997,7,59,20
11800663,7,61,20
11908757,6,59,20
10716909,6,75,20
10980655,6,71,20
9461277,11,96,20
12192173,8,57,20
11747673,9,61,20
870471,6,129,30
46753,6,131,30
11364456,6,66,20
4676455,6,115,30
8285845,6,104,30
9081527,6,99,20
12316171,6,55,20
12029703,7,58,20
765233,6,129,30
11425519,6,65,20
4897641,6,114,30
5244519,7,113,30
8992615,6,99,20
11812367,6,60,20
11555327,6,63,20
12233543,6,56,20
5302367,6,113,30
11603843,6,63,20
10845415,6,73,20
10603103,6,77,20
10738721,6,75,20
11733967,7,61,20
8440075,6,103,30
10140123,8,87,20
4696377,6,115,30
10396407,6,81,20
10557603,6,78,20
11611607,6,63,20
9143043,12,98,20
5030781,7,114,30
11550259,6,63,20
806673,6,129,30
11591825,7,63,20
11175997,6,69,20
12213943,6,56,20
10238711,6,85,20
9726765,6,94,20
10307409,6,83,20
12213663,6,56,20
10757915,6,74,20
1117291,6,127,30
12513963,6,53,20
4325061,6,117,30
11106963,6,70,20
10187999,7,86,20
10605791,6,77,20
10506013,6,79,20
11622555,6,63,20
9887367,7,92,20
12231303,6,56,20
12131609,6,57,20
10781673,6,74,20
11134193,7,70,20
11843755,6,60,20
8333171,7,103,30
11942203,6,59,20
11862425,6,60,20
8733921,6,101,30
10254461,6,85,20
9578863,6,95,20
12042107,7,58,20
11192363,8,69,20
10519355,7,79,20
5002431,6,114,30
9362367,6,97,20
10661177,6,76,20
11114952,7,70,20
11150510,6,69,20
9853585,6,92,20
10896991,6,72,20
10257611,6,84,20
12256349,6,56,20
4188975,6,117,30
4164465,6,117,30
10199343,6,86,20
5152763,6,113,30
4194113,6,117,30
10464531,6,80,20
11173967,6,69,20
9238601,6,98,20
4810407,8,115,30
10030839,8,89,20
8317309,6,104,30
10891321,6,72,20
4773167,9,115,30
9683933,6,94,20
4319592,6,117,30
10928365,6,72,20
4319231,6,117,30
9819803,7,93,20
10203459,6,86,20
10524885,8,78,20
9284142,8,98,20
12479201,6,53,20
472185,6,130,30
8908996,6,100,30
10506195,6,79,20
11525549,6,64,20
4171601,6,117,30
10686949,6,75,20
413449,6,130,30
4643359,6,115,30
380975,6,130,30
10326757,9,83,20
10691723,6,75,20
99813,7,131,30
9529009,7,96,20
9913183,6,91,20
11327463,6,67,20
4375441,6,117,30
10872183,6,73,20
10906245,7,72,20
11017307,6,71,20
10260369,7,84,20
10519271,7,79,20
11067133,6,70,20
9424387,6,96,20
7881853,7,105,30
11151553,6,69,20
11865357,6,60,20
9005003,6,99,20
5135669,6,113,30
12277853,6,56,20
5008451,7,114,30
9914592,6,91,20
8417619,6,103,30
10341821,6,82,20
9544325,6,95,20
10634337,6,76,20
4160177,7,117,30
10150105,8,87,20
5079504,6,113,30
10062087,6,88,20
10080441,6,88,20
823963,10,129,30
9411101,8,97,20
8719557,8,101,30
9513301,6,96,20
8327165,6,103,30
436849,6,130,30
10848761,7,73,20
8779323,6,101,30
5008083,6,114,30
9807777,6,93,20
10231291,6,85,20
120393,6,130,30
12112933,7,57,20
8487073,6,103,30
12297971,7,55,20
10537737,7,78,20
5041631,6,114,30
9991009,7,90,20
12099297,8,58,20
11248223,6,68,20
10309070,7,83,20
7950075,6,105,30
8064722,6,105,30
9575699,7,95,20
10210445,8,86,20
9188343,6,98,20
4309277,6,117,30
9264436,6,98,20
10595655,7,77,20
9837303,6,93,20
5027295,7,114,30
9693495,7,94,20
9321137,6,97,20
10811269,6,74,20
10017623,7,89,20
9522177,6,96,20
10287403,6,84,20
12079067,6,58,20
8416429,6,103,30
12210233,7,56,20
9079733,6,99,20
4261593,6,117,30
8842197,6,100,30
9152773,6,98,20
9317287,6,97,20
4841375,6,114,30
11690609,6,62,20
881001,6,129,30
1121659,8,127,30
10498299,6,79,20
12055841,6,58,20
12221665,6,56,20
10206021,6,86,20
10196683,6,86,20
10678115,6,76,20
9055389,6,99,20
11038307,7,71,20
10097549,6,88,20
9101953,6,99,20
11047925,8,70,20
1047767,7,127,30
880173,6,129,30
8895117,6,100,30
8556541,7,102,30
7988799,6,105,30
8262681,6,104,30
635677,7,130,30
11836601,6,60,20
11059503,6,70,20
1043973,7,127,30
12338781,6,55,20
10360133,6,82,20
1069537,10,127,30
11445637,6,65,20
10143301,6,87,20
9930187,6,91,20
12368769,9,54,20
12021905,9,58,20
10984281,6,71,20
11597985,6,63,20
4179763,6,117,30
10606127,6,77,20
11456095,6,64,20
8039969,6,105,30
83027,6,131,30
9900527,6,91,20
11131197,6,70,20
10877025,7,73,20
9770677,9,94,20
11997405,6,59,20
5081965,6,113,30
11239025,8,68,20
10786727,7,74,20
10321465,6,83,20
11281529,6,67,20
4774511,6,115,30
9475459,6,96,20
12258351,6,56,20
9014019,8,99,20
10755115,6,74,20
10202661,7,86,20
10717609,7,75,20
11976881,11,59,20
11955433,6,59,20
11421011,6,65,20
8940587,6,100,30
10460275,6,80,20
9451407,7,96,20
12202813,7,56,20
10084781,6,88,20
10997203,6,71,20
10779657,6,74,20
10562545,6,78,20
11663617,6,62,20
8267875,7,104,30
11780195,7,61,20
11352033,8,66,20
11501144,7,64,20
11498235,6,64,20
10945277,6,72,20
11616549,6,63,20
10617635,6,77,20
9452415,6,96,20
857437,8,129,30
9108071,6,99,20
9307557,6,97,20
12082049,8,58,20
11623549,7,63,20
11845615,6,60,20
9601865,6,95,20
11971309,6,59,20
11354721,6,66,20
415317,6,130,30
10127089,6,87,20
10520993,8,79,20
5018867,8,114,30
10054650,7,88,20
11711189,6,62,20
1081507,6,127,30
12325747,7,55,20
4752419,7,115,30
10443825,6,80,20
11419737,6,65,20
10793741,7,74,20
11768169,7,61,20
9854313,6,92,20
11937541,6,59,20
9766323,6,94,20
11709999,6,62,20
11035255,6,71,20
10284029,6,84,20
11082813,6,70,20
12467354,6,53,20
11110911,7,70,20
12240991,6,56,20
10790003,6,74,20
10198713,6,86,20
11960921,6,59,20
5015185,6,114,30
11867863,7,60,20
10875389,6,73,20
11839975,6,60,20
12222234,6,56,20
4692485,6,115,30
10380321,6,82,20
11187519,6,69,20
11523173,6,64,20
9749663,6,94,20
8949605,6,100,30
8323693,6,104,30
446187,6,130,30
9133089,6,99,20
4325167,6,117,30
11650770,6,62,20
4742269,7,115,30
11914777,6,59,20
193333,9,130,30
739739,6,129,30
11014899,9,71,20
365043,12,130,30
5001493,6,114,30
9246601,8,98,20
10568761,6,78,20
8227555,6,104,30
4157755,6,117,30
11992617,7,59,20
9322103,6,97,20
47145,6,131,30
33621,6,131,30
7990605,6,105,30
821457,6,129,30
9441887,6,96,20
10999639,6,71,20
10645943,6,76,20
11742311,6,61,20
852495,6,129,30
9996567,6,89,20
10265227,6,84,20
10907085,6,72,20
11875269,7,60,20
9438177,7,96,20
10021255,6,89,20
432607,6,130,30
9854295,6,92,20
10311931,6,83,20
9786147,6,93,20
11316935,6,67,20
8929067,6,100,30
5022101,6,114,30
7898303,6,105,30
4635393,6,115,30
8838571,8,100,30
9894787,6,91,20
10205363,6,86,20
10874563,7,73,20
8512721,6,102,30
9537507,8,96,20
9943507,6,91,20
501711,6,130,30
9690765,6,94,20
4932669,7,114,30
11083387,6,70,20
9089829,6,99,20
10806943,6,74,20
9838927,7,93,20
1030071,7,127,30
5005847,7,114,30
8943235,6,100,30
8835113,6,100,30
301472,8,130,30
5035471,7,114,30
5025923,6,114,30
4903311,6,114,30
824881,6,129,30
9499133,6,96,20
223293,7,130,30
5145048,6,113,30
9801365,6,93,20
536879,6,130,30
11227391,6,68,20
4639901,7,115,30
7992775,6,105,30
856765,6,129,30
10887499,6,72,20
12438321,6,53,20
10108413,6,88,20
5039937,6,114,30
10098557,6,88,20
8962093,7,99,20
9375611,7,97,20
10185665,6,86,20
8733123,6,101,30
11067427,8,70,20
11035731,6,71,20
12099843,6,58,20
10473001,6,80,20
7976507,7,105,30
4321611,6,117,30
12209953,6,56,20
10681811,7,75,20
11865399,6,60,20
862729,8,129,30
9695273,7,94,20
8875083,14,100,30
9410191,6,97,20
4722207,6,115,30
11389455,7,65,20
9385327,6,97,20
8758533,8,101,30
10035291,6,89,20
10167773,6,86,20
10512271,6,79,20
9334815,6,97,20
10384535,6,82,20
10998225,12,71,20
5303151,6,113,30
8353877,6,103,30
5228531,6,113,30
10146479,11,87,20
10123296,6,87,20
12153745,6,57,20
10976203,7,71,20
11115111,6,70,20
11226047,6,68,20
9920519,6,91,20
10721202,9,75,20
10239229,7,85,20
11669567,6,62,20
11529133,6,64,20
9371411,6,97,20
4650905,6,115,30
12398407,6,54,20
11768323,6,61,20
12356043,6,54,20
11594009,6,63,20
10391297,7,81,20
11001669,6,71,20
10626651,7,76,20
11765075,6,61,20
12454323,7,53,20
11528811,6,64,20
11916135,7,59,20
11572211,8,63,20
11964351,9,59,20
9817423,6,93,20
12274647,6,56,20
8819769,6,101,30
5200111,7,113,30
10204117,6,86,20
11674565,7,62,20
1050875,6,127,30
1072071,6,127,30
11656155,6,62,20
12175093,6,57,20
10305239,6,83,20
10317783,6,83,20
11839961,6,60,20
4889913,6,114,30
11724853,6,61,20
11986261,6,59,20
12152287,7,57,20
11608485,7,63,20
10669547,6,76,20
10287977,7,84,20
11454807,7,64,20
12291475,6,55,20
4290951,6,117,30
11504381,6,64,20
12321057,8,55,20
10026933,6,89,20
12511177,8,53,20
1036497,6,127,30
10842013,7,73,20
11592945,6,63,20
9783557,6,93,20
10551919,8,78,20
7942585,6,105,30
9982875,7,90,20
11116371,6,70,20
9714663,6,94,20
10280137,6,84,20
10776927,6,74,20
8048383,8,105,30
12311887,6,55,20
5066537,7,114,30
10807756,7,74,20
11345369,7,66,20
9832781,6,93,20
11197095,6,69,20
11319525,6,67,20
8818565,6,101,30
9669130,6,95,20
9447977,6,96,20
11819199,6,60,20
10897901,6,72,20
1127791,6,127,30
11193431,6,69,20
9448649,6,96,20
4988865,7,114,30
8612135,7,102,30
12388313,6,54,20
10602751,6,77,20
9157519,7,98,20
11305567,6,67,20
10715229,6,75,20
12073887,6,58,20
11713597,7,62,20
8260987,6,104,30
9825627,6,93,20
12394809,6,54,20
10706297,6,75,20
4956021,8,114,30
1073065,8,127,30
11825891,6,60,20
12237575,6,56,20
11021563,6,71,20
841239,6,129,30
5148815,7,113,30
5130181,6,113,30
11281921,6,67,20
10192371,7,86,20
237573,6,130,30
10609767,6,77,20
9079805,6,99,20
1070405,6,127,30
7873999,6,105,30
12280205,6,56,20
12313147,6,55,20
12382741,9,54,20
11591797,6,63,20
11205817,6,69,20
11271967,6,68,20
4978813,6,114,30
10387111,6,82,20
1063966,6,127,30
10871959,6,73,20
10749823,6,74,20
4848599,6,114,30
11312567,6,67,20
11916303,6,59,20
11558491,6,63,20
10777459,7,74,20
8621711,6,102,30
9796409,6,93,20
10972703,6,71,20
10711155,7,75,20
10890313,7,72,20
12314855,6,55,20
12492492,6,53,20
11250897,6,68,20
12289207,8,55,20
10796345,14,74,20
10878763,6,73,20
12330171,6,55,20
4292673,6,117,30
9730008,7,94,20
9810563,7,93,20
9463881,6,96,20
10288663,6,84,20
10941945,7,72,20
12506515,6,53,20
10771257,6,74,20
8273811,6,104,30
11822419,6,60,20
5015563,7,114,30
9129673,6,99,20
11564623,7,63,20
9038911,6,99,20
11047183,6,70,20
11315885,6,67,20
11243365,6,68,20
11469717,6,64,20
12414778,7,54,20
8786015,7,101,30
12172503,7,57,20
10727311,7,75,20
11052181,6,70,20
8119853,6,104,30
11069779,7,70,20
9237221,7,98,20
11005379,7,71,20
9327367,6,97,20
4794195,7,115,30
4685737,6,115,30
10228309,6,85,20
7995295,8,105,30
5065431,7,114,30
8634101,7,102,30
8805296,6,101,30
10276063,6,84,20
533239,7,130,30
9110759,6,99,20
10246845,6,85,20
10308579,6,83,20
9827573,7,93,20
8336139,7,103,30
10444819,6,80,20
9260847,10,98,20
12008619,7,59,20
4295879,6,117,30
4769975,6,115,30
4253333,6,117,30
5165594,6,113,30
9055809,6,99,20
10248973,6,85,20
10787805,6,74,20
12012441,6,58,20
179837,8,130,30
12029241,6,58,20
8892919,7,100,30
186963,6,130,30
9841111,6,93,20
4297055,8,117,30
10431759,6,81,20
8327123,6,103,30
10583601,6,77,20
8473381,6,103,30
4257197,6,117,30
4883389,6,114,30
5290467,7,113,30
1044127,6,127,30
857199,6,129,30
10039967,6,89,20
10165169,6,87,20
11695495,6,62,20
4679185,6,115,30
9008669,7,99,20
8783439,6,101,30
5236791,6,113,30
1080891,7,127,30
9387819,6,97,20
10217767,6,85,20
10112487,7,88,20
5288339,6,113,30
10973277,6,71,20
11072985,7,70,20
9997183,6,89,20
4915841,6,114,30
8257011,10,104,30
11933397,6,59,20
12294443,7,55,20
4862501,6,114,30
9824829,6,93,20
9477013,6,96,20
10615137,8,77,20
8990093,9,99,20
9817843,6,93,20
1067395,6,127,30
9860650,6,92,20
8809815,6,101,30
1069929,6,127,30
9849231,6,92,20
1032507,6,127,30
8927373,7,100,30
8411165,6,103,30
868945,6,129,30
10437777,6,80,20
1107931,6,127,30
12238849,7,56,20
10442201,6,80,20
4931969,6,114,30
9521701,7,96,20
8219631,6,104,30
4805241,6,115,30
8202691,6,104,30
866383,6,129,30
4648256,6,115,30
11279695,7,67,20
4222757,7,117,30
9163217,7,98,20
4825779,6,114,30
5183092,6,113,30
10277379,6,84,20
9401651,6,97,20
4792697,6,115,30
12199495,6,56,20
8420755,6,103,30
9423253,6,96,20
9372781,6,97,20
8835939,6,100,30
9143729,6,98,20
11078221,6,70,20
4225095,6,117,30
8569183,6,102,30
820897,7,129,30
9550163,7,95,20
10147305,6,87,20
10613645,6,77,20
11392619,6,65,20
9762389,6,94,20
12038029,7,58,20
12232605,6,56,20
4187505,6,117,30
11380971,7,66,20
10156237,6,87,20
12397931,6,54,20
12107795,6,57,20
9975791,6,90,20
11427339,7,65,20
11720989,7,61,20
1053563,8,127,30
12302045,6,55,20
10712569,6,75,20
11374839,6,66,20
7886851,6,105,30
12498437,6,53,20
12059859,9,58,20
12062365,6,58,20
9350187,7,97,20
1054501,6,127,30
12058025,6,58,20
1069565,6,127,30
1106189,8,127,30
874895,6,129,30
864619,6,129,30
11187897,6,69,20
11511017,6,64,20
730401,8,129,30
9550387,6,95,20
12371233,6,54,20
10102645,7,88,20
11716705,6,62,20
5155815,8,113,30
12405211,7,54,20
10268905,6,84,20
327621,6,130,30
8265901,6,104,30
10122343,6,87,20
12041771,6,58,20
12066663,7,58,20
12144111,6,57,20
12485165,6,53,20
11309655,7,67,20
10433983,6,81,20
878969,8,129,30
11643261,6,62,20
12196107,6,56,20
11442221,8,65,20
815913,6,129,30
10550169,6,78,20
649327,6,130,30
12431601,6,53,20
12153864,8,57,20
12106927,6,57,20
11500180,6,64,20
11257197,6,68,20
12470633,6,53,20
8781717,7,101,30
11491095,6,64,20
1063727,7,127,30
846951,7,129,30
5004167,6,114,30
558397,7,130,30
451451,6,130,30
11101797,7,70,20
8356327,7,103,30
11207665,6,69,20
4712813,7,115,30
10276293,6,84,20
10657493,7,76,20
625541,7,130,30
12345137,9,55,20
4269475,7,117,30
11487315,6,64,20
10895507,6,72,20
11711581,6,62,20
9601963,6,95,20
9336607,6,97,20
11603655,6,63,20
11465993,6,64,20
11072033,7,70,20
8209257,6,104,30
12425315,6,54,20
5032307,7,114,30
11993633,6,59,20
11558659,10,63,20
4319511,7,117,30
9687811,6,94,20
11985383,7,59,20
12288759,6,55,20
11666837,6,62,20
10308837,7,83,20
11965149,7,59,20
11808825,6,60,20
12173077,7,57,20
10749417,8,74,20
11803351,6,61,20
11469045,6,64,20
11277791,6,67,20
12490835,6,53,20
11190291,6,69,20
10817611,6,74,20
11702383,6,62,20
11611985,6,63,20
10992709,6,71,20
4643079,6,115,30
12051389,6,58,20
10220091,6,85,20
12126238,6,57,20
11072663,6,70,20
842317,7,129,30
12353411,7,54,20
9846585,6,92,20
12469107,6,53,20
12213747,7,56,20
10302397,6,83,20
5035751,7,114,30
5091205,7,113,30
11934223,7,59,20
12424405,6,54,20
12165629,6,57,20
9150841,6,98,20
12381509,7,54,20
11899293,6,60,20
9204755,6,98,20
11187356,6,69,20
10461031,9,80,20
8468453,6,103,30
4770927,6,115,30
10669449,6,76,20
10524689,6,78,20
10722037,6,75,20
9317245,8,97,20
11413157,6,65,20
10305673,6,83,20
10368281,7,82,20
11681467,6,62,20
10111339,6,88,20
8059009,6,105,30
10293367,6,84,20
10314744,6,83,20
9986179,6,90,20
11245661,7,68,20
11358795,6,66,20
11890277,6,60,20
12408478,6,54,20
11575529,8,63,20
10891405,6,72,20
8909327,6,100,30
9752785,6,94,20
11531331,6,64,20
11654993,6,62,20
11154423,7,69,20
11494777,6,64,20
11677701,6,62,20
9873115,6,92,20
5038215,6,114,30
12189107,6,57,20
11703685,6,62,20
9106951,7,99,20
10819431,6,73,20
10703861,7,75,20
12466461,7,53,20
4731122,6,115,30
1034131,7,127,30
261513,7,130,30
9446928,7,96,20
11410662,6,65,20
10097412,8,88,20
9021845,6,99,20
8071427,7,105,30
159145,6,130,30
9354443,6,97,20
9837247,6,93,20
1092777,6,127,30
11536889,7,64,20
4296159,6,117,30
8101135,7,105,30
12147723,6,57,20
5107179,6,113,30
7869239,6,105,30
11201961,6,69,20
10180723,6,86,20
12242769,6,56,20
834211,6,129,30
9778223,6,93,20
11015417,6,71,20
10350179,6,82,20
10967985,8,71,20
9095555,6,99,20
1085651,6,127,30
5025321,7,114,30
141491,6,130,30
11126367,6,70,20
879501,7,129,30
11081581,6,70,20
8799427,6,101,30
10514091,6,79,20
10294753,6,83,20
9327493,6,97,20
10209885,6,86,20
5222347,6,113,30
10151281,6,87,20
8136555,6,104,30
4958014,6,114,30
11249063,7,68,20
10219279,6,85,20
10179491,6,86,20
4193651,6,117,30
8005725,7,105,30
11317820,6,67,20
11498389,6,64,20
9869811,6,92,20
5121585,7,113,30
9986515,6,90,20
10582691,10,77,20
11603291,6,63,20
9741543,6,94,20
10391829,7,81,20
8488417,7,103,30
852537,6,129,30
9956415,6,90,20
9968931,6,90,20
12368335,6,54,20
12077737,6,58,20
8528049,7,102,30
8780513,7,101,30
11629653,6,62,20
593971,6,130,30
4784465,6,115,30
4828327,6,114,30
11925753,7,59,20
255451,6,130,30
9000859,6,99,20
243481,7,130,30
9182957,6,98,20
8629285,6,102,30
11354693,6,66,20
8640048,6,102,30
11448437,8,64,20
9979977,7,90,20
10176593,7,86,20
9220281,7,98,20
8780849,6,101,30
11018203,6,71,20
11594247,6,63,20
10904649,6,72,20
11672311,6,62,20
8437695,6,103,30
7982303,7,105,30
9665173,7,95,20
5095587,6,113,30
10200463,6,86,20
4656547,9,115,30
9238019,7,98,20
8543283,7,102,30
10022955,6,89,20
11767245,6,61,20
10998826,7,71,20
9236773,7,98,20
9688805,6,94,20
4936463,6,114,30
5227719,6,113,30
9946769,6,90,20
12425959,6,54,20
12301219,6,55,20
4867233,8,114,30
1087877,6,127,30
9282539,6,98,20
12211633,6,56,20
11997265,6,59,20
12147583,8,57,20
10685633,7,75,20
11366831,6,66,20
12466517,6,53,20
11568319,7,63,20
11379739,6,66,20
11779369,7,61,20
8103599,6,105,30
11633979,6,62,20
11021591,6,71,20
9631559,6,95,20
11531989,8,64,20
10145499,6,87,20
12190003,6,57,20
881279,6,129,30
8774089,6,101,30
1061417,6,127,30
10914505,6,72,20
9577071,7,95,20
4356849,7,117,30
11141521,6,69,20
10779573,6,74,20
11293037,6,67,20
11311839,6,67,20
12052775,6,58,20
9941631,11,91,20
12162647,9,57,20
11595199,8,63,20
11869851,6,60,20
11823245,6,60,20
12446833,7,53,20
4837511,8,114,30
12196583,6,56,20
8598247,6,102,30
10559829,7,78,20
11727219,6,61,20
9883587,7,92,20
10598259,6,77,20
9866744,6,92,20
11295403,9,67,20
12448401,6,53,20
10490529,6,79,20
9489375,6,96,20
11965457,6,59,20
678993,8,130,30
9475186,7,96,20
5089609,7,113,30
8223467,7,104,30
11989271,6,59,20
11538443,6,63,20
11547991,7,63,20
10573213,6,77,20
11706033,7,62,20
12410853,6,54,20
8508087,6,102,30
4347105,6,117,30
9845521,6,92,20
8585661,6,102,30
10802071,7,74,20
11770493,6,61,20
11504787,6,64,20
4176235,6,117,30
11449221,6,64,20
11406913,6,65,20
11466301,6,64,20
10696525,9,75,20
158893,7,130,30
8048201,7,105,30
11431525,8,65,20
838467,10,129,30
12203653,6,56,20
12495656,6,53,20
11201636,6,69,20
10114713,6,88,20
11717909,6,62,20
12332691,6,55,20
11455857,7,64,20
11192021,6,69,20
11994031,6,59,20
11596693,6,63,20
5056219,6,114,30
11264743,7,68,20
11185867,6,69,20
9422147,6,96,20
10543296,6,78,20
12231681,7,56,20
10403225,6,81,20
5190073,6,113,30
8589567,6,102,30
11388599,7,65,20
10836007,6,73,20
11998924,6,59,20
10859723,6,73,20
11264771,6,68,20
817943,6,129,30
10910725,7,72,20
5023501,7,114,30
11390729,6,65,20
7883939,6,105,30
9295979,6,97,20
11989537,6,59,20
11810953,6,60,20
11400431,6,65,20
10631887,6,76,20
8937551,6,100,30
12026861,6,58,20
11813457,7,60,20
12127633,6,57,20
11592875,6,63,20
8760913,7,101,30
4844637,7,114,30
10798515,7,74,20
10490095,7,79,20
12324655,6,55,20
10890746,6,72,20
10361617,6,82,20
11689867,6,62,20
11925347,6,59,20
11454401,6,64,20
10610537,10,77,20
11555761,11,63,20
9277667,8,98,20
4733519,6,115,30
9751581,7,94,20
8945829,6,100,30
10202507,6,86,20
10964051,7,72,20
8010821,7,105,30
8543206,7,102,30
9420313,6,97,20
10475269,7,80,20
11171363,6,69,20
10681881,6,75,20
10391871,9,81,20
4944597,6,114,30
8107281,7,105,30
11387173,8,65,20
820183,6,129,30
4661909,8,115,30
10597153,6,77,20
9877105,7,92,20
10541209,6,78,20
9061311,6,99,20
8050581,6,105,30
5208245,6,113,30
1104705,9,127,30
11776513,6,61,20
9705381,6,94,20
1049780,6,127,30
87843,7,131,30
8367261,7,103,30
9927253,6,91,20
493591,6,130,30
8149575,6,104,30
4295291,6,117,30
1056307,6,127,30
11084465,7,70,20
1088922,7,127,30
9270849,6,98,20
4874359,7,114,30
10919629,6,72,20
10728305,7,75,20
10603072,6,77,20
844767,6,129,30
561561,6,130,30
10351971,6,82,20
10614975,6,77,20
4376169,6,117,30
827897,7,129,30
12508699,8,53,20
10519397,9,79,20
1057259,7,127,30
8286721,11,104,30
1124249,6,127,30
11500257,6,64,20
9057195,6,99,20
12444523,6,53,20
11034541,6,71,20
1086757,6,127,30
7859677,6,105,30
4243267,6,117,30
11123469,7,70,20
9423981,7,96,20
12173553,6,57,20
4802581,6,115,30
9625497,6,95,20
277165,6,130,30
8192583,6,104,30
332964,9,130,30
8827676,6,100,30
10410001,6,81,20
9728425,6,94,20
4668685,8,115,30
840497,6,129,30
8760493,6,101,30
4713317,6,115,30
10614729,6,77,20
10588515,6,77,20
9166003,6,98,20
9964717,6,90,20
4680067,6,115,30
11743265,6,61,20
11767021,6,61,20
10771302,6,74,20
10968391,6,71,20
864745,6,129,30
9962197,9,90,20
10095267,6,88,20
8406321,6,103,30
9609593,7,95,20
8030323,6,105,30
4710755,8,115,30
9930335,6,91,20
9879359,8,92,20
11758187,6,61,20
11849845,8,60,20
4676469,7,115,30
11117127,6,70,20
8717415,6,101,30
9103899,7,99,20
4903647,7,114,30
9149077,7,98,20
10998295,6,71,20
9673990,6,94,20
5212557,6,113,30
11042007,6,71,20
5065109,8,114,30
10584441,7,77,20
8892583,7,100,30
10091585,6,88,20
9774037,8,94,20
7889638,6,105,30
8585633,6,102,30
9397535,8,97,20
4870439,7,114,30
10776073,7,74,20
7923111,6,105,30
10553585,6,78,20
12108957,6,57,20
12327497,6,55,20
10956939,6,72,20
11556279,6,63,20
11291105,7,67,20
11664975,7,62,20
12070797,12,58,20
10641365,6,76,20
11997237,6,59,20
12177921,6,57,20
10653475,6,76,20
8096109,6,105,30
11975285,6,59,20
9367505,6,97,20
11773377,6,61,20
10343669,7,82,20
9104179,8,99,20
11148627,7,69,20
9911237,6,91,20
12070205,6,58,20
11057697,6,70,20
854231,6,129,30
11201827,6,69,20
449561,9,130,30
12364317,6,54,20
12475855,8,53,20
9657459,8,95,20
11898705,6,60,20
11933128,7,59,20
12351381,6,55,20
11315675,6,67,20
11349611,6,66,20
12043283,7,58,20
11130581,6,70,20
8980181,6,99,20
11232809,6,68,20
10794595,6,74,20
11320127,6,67,20
10184923,11,86,20
10881409,6,73,20
11560031,6,63,20
873887,6,129,30
9923515,7,91,20
10759287,6,74,20
11950253,6,59,20
10761228,6,74,20
9074821,7,99,20
10325805,11,83,20
4230989,6,117,30
7982975,6,105,30
5290201,7,113,30
4773601,7,115,30
12135375,6,57,20
9743391,6,94,20
11943621,6,59,20
9840509,6,93,20
11616591,6,63,20
10405213,6,81,20
10876047,6,73,20
10794707,6,74,20
11386795,7,65,20
11028087,6,71,20
11992435,9,59,20
10078999,6,88,20
11444573,6,65,20
11072719,6,70,20
11667847,6,62,20
9541819,6,95,20
12375209,6,54,20
10053589,7,88,20
11002103,6,71,20
10620519,6,76,20
4164279,7,117,30
10042669,7,89,20
12220985,6,56,20
10711967,6,75,20
11536987,6,64,20
10297119,7,83,20
1085609,6,127,30
11066153,8,70,20
11187309,6,69,20
8501255,6,102,30
11082477,7,70,20
828289,7,129,30
4791633,6,115,30
11675433,6,62,20
10942701,6,72,20
12410433,7,54,20
4736613,6,115,30
5020757,6,114,30
5163431,6,113,30
11208365,6,69,20
10093643,6,88,20
1088255,6,127,30
4761407,6,115,30
12488939,6,53,20
10985275,7,71,20
10342656,6,82,20
10924081,6,72,20
579299,6,130,30
11769639,9,61,20
8912211,6,100,30
12319181,6,55,20
9021565,6,99,20
12264497,6,56,20
5016431,7,114,30
11285225,6,67,20
8108849,6,105,30
10815385,10,74,20
12086361,6,58,20
10634183,7,76,20
12211983,6,56,20
10730741,7,75,20
12138105,6,57,20
4898439,7,114,30
10432695,6,81,20
11246753,8,68,20
9079385,8,99,20
249837,6,130,30
4855417,7,114,30
9370795,6,97,20
11553423,9,63,20
10443783,6,80,20
11624627,6,63,20
9781275,7,93,20
9197461,7,98,20
10080763,7,88,20
12367229,6,54,20
10394153,7,81,20
1071035,6,127,30
9615655,6,95,20
10055899,8,88,20
10359321,6,82,20
194579,6,130,30
9724505,6,94,20
1122961,7,127,30
9024463,6,99,20
9496179,6,96,20
8970521,6,99,20
10117611,7,88,20
12295857,7,55,20
4697147,6,115,30
9425675,6,96,20
9789969,6,93,20
9317119,6,97,20
4340978,6,117,30
843983,6,129,30
9162755,6,98,20
48447,6,131,30
8742573,6,101,30
4687165,7,115,30
290255,6,130,30
9201829,6,98,20
10947475,7,72,20
7922033,7,105,30
4797737,6,115,30
11092081,6,70,20
10458161,6,80,20
5123097,7,113,30
10605819,6,77,20
290983,6,130,30
5146617,7,113,30
8794835,7,101,30
9918811,6,91,20
4668461,8,115,30
8332107,6,103,30
4303929,7,117,30
9743335,6,94,20
8636635,6,102,30
876043,6,129,30
12007513,7,59,20
11522133,6,64,20
9911615,6,91,20
9459457,6,96,20
8022231,6,105,30
8250781,6,104,30
8988035,6,99,20
248843,6,130,30
10364921,6,82,20
8980335,6,99,20
8878555,7,100,30
824705,6,129,30
8328761,6,103,30
5265015,6,113,30
9796983,6,93,20
11116413,7,70,20
5120521,6,113,30
836870,6,129,30
10976833,6,71,20
8561161,6,102,30
12478179,7,53,20
4666977,6,115,30
4657429,6,115,30
8134890,6,104,30
10688041,6,75,20
10227077,6,85,20
5050787,7,114,30
8038947,7,105,30
537173,6,130,30
10840011,6,73,20
8825005,6,101,30
4836013,7,114,30
9161033,6,98,20
4954719,7,114,30
4208239,6,117,30
7903525,7,105,30
10216507,6,86,20
10352363,6,82,20
11640825,6,62,20
11737047,7,61,20
8751365,6,101,30
12471389,6,53,20
12265071,6,56,20
10581725,6,77,20
10910151,7,72,20
12153687,6,57,20
8012501,6,105,30
9661463,6,95,20
10397024,6,81,20
11768239,6,61,20
11602507,7,63,20
12495007,7,53,20
868343,6,129,30
11554291,9,63,20
11888457,6,60,20
9932895,6,91,20
11606371,6,63,20
579593,7,130,30
10548881,6,78,20
11946627,7,59,20
1126223,6,127,30
11484095,6,64,20
7956109,6,105,30
10463215,6,80,20
11110351,6,70,20
12239815,6,56,20
10145023,6,87,20
11424707,6,65,20
9196509,6,98,20
10955805,6,72,20
12374901,6,54,20
5044585,6,114,30
11442585,6,65,20
12426841,6,54,20
9096390,6,99,20
11688999,6,62,20
4940481,6,114,30
10982825,8,71,20
12020351,7,58,20
11309879,6,67,20
11408845,6,65,20
10442523,6,80,20
10159275,7,87,20
9854398,8,92,20
12199271,9,56,20
452795,6,130,30
10655351,6,76,20
12158881,6,57,20
12311831,6,55,20
11629023,6,62,20
11786943,6,61,20
10088505,8,88,20
867349,7,129,30
11195947,6,69,20
11731951,6,61,20
10863503,6,73,20
8055481,6,105,30
11232165,7,68,20
5036801,6,114,30
12467919,6,53,20
10153913,6,87,20
11585595,6,63,20
12473951,8,53,20
12173399,6,57,20
11699317,7,62,20
11263875,6,68,20
12349365,6,55,20
10032533,6,89,20
11837203,11,60,20
12511905,6,53,20
12054777,7,58,20
5258650,6,113,30
11260095,7,68,20
11204389,8,69,20
4855235,6,114,30
12114263,6,57,20
11335779,7,66,20
11242329,7,68,20
11571455,6,63,20
10674265,6,76,20
11252297,8,68,20
10759735,13,74,20
9989497,7,90,20
10660097,6,76,20
4294409,6,117,30
8039409,7,105,30
4642351,6,115,30
12196527,6,56,20
11723397,6,61,20
10719359,6,75,20
11620777,7,63,20
12026945,6,58,20
11018749,6,71,20
11456683,6,64,20
11215603,6,69,20
11447177,7,65,20
11346153,7,66,20
10318609,8,83,20
11252591,6,68,20
10185875,6,86,20
8633863,6,102,30
11373761,7,66,20
9779637,6,93,20
11402825,7,65,20
10940223,6,72,20
12140933,7,57,20
9310483,7,97,20
9435041,6,96,20
10492993,8,79,20
8466199,6,103,30
4880897,7,114,30
9771559,6,94,20
1124543,6,127,30
9444113,6,96,20
11217969,6,69,20
9698731,7,94,20
9474451,6,96,20
9938635,6,91,20
9133915,9,99,20
156205,6,130,30
8419915,7,103,30
9958361,6,90,20
9988825,6,90,20
4999099,7,114,30
9281853,6,98,20
10848817,6,73,20
8265005,6,104,30
10158743,8,87,20
9502857,6,96,20
845677,7,129,30
10036817,8,89,20
652925,6,130,30
8446977,7,103,30
8455475,7,103,30
10269665,6,84,20
8023701,7,105,30
4309767,6,117,30
8741357,6,101,30
10329179,6,83,20
8772379,7,101,30
11692391,6,62,20
10307161,7,83,20
9599121,6,95,20
9009399,9,99,20
8482621,9,103,30
9573893,6,95,20
833903,6,129,30
8809381,6,101,30
11467615,6,64,20
4350199,6,117,30
12343471,6,55,20
54215,6,131,30
9166773,6,98,20
4811793,6,115,30
10497907,6,79,20
10488877,6,79,20
9163035,6,98,20
11921455,6,59,20
4713056,6,115,30
10025589,6,89,20
673841,7,130,30
4784591,6,115,30
11420227,6,65,20
10089195,6,88,20
9698465,8,94,20
11448101,6,64,20
4776821,6,115,30
197328,6,130,30
738325,6,129,30
4713429,6,115,30
4987871,6,114,30
870681,6,129,30
11855487,6,60,20
10353385,7,82,20
12512731,7,53,20
5270741,6,113,30
5060349,7,114,30
9869531,6,92,20
863586,6,129,30
8989505,6,99,20
9573095,6,95,20
8895621,7,100,30
9676037,6,94,20
8406699,6,103,30
4306057,6,117,30
4354259,7,117,30
11931269,6,59,20
9603139,6,95,20
824327,6,129,30
1034551,6,127,30
4664065,6,115,30
4654461,7,115,30
10388371,7,82,20
12087985,7,58,20
10185259,6,86,20
5297761,6,113,30
8893661,6,100,30
10413179,6,81,20
10256449,6,84,20
9604903,6,95,20
9646203,6,95,20
12508769,7,53,20
9406999,6,97,20
11659151,6,62,20
9067470,7,99,20
11082827,6,70,20
4967697,7,114,30
9932699,6,91,20
10222121,7,85,20
8420923,8,103,30
9137149,6,98,20
9083712,6,99,20
828499,6,129,30
12051893,6,58,20
10896277,7,72,20
850129,8,129,30
12009739,6,59,20
10153829,7,87,20
10816015,6,74,20
10356857,7,82,20
11467267,6,64,20
10987585,6,71,20
10204439,6,86,20
11957155,6,59,20
11877145,7,60,20
10178105,6,86,20
11535699,6,64,20
10878413,6,73,20
9982735,8,90,20
11406759,6,65,20
9940802,6,91,20
12454463,6,53,20
8033683,6,105,30
8652875,6,102,30
10084753,6,88,20
8542989,7,102,30
11277133,6,67,20
9603349,6,95,20
12295073,7,55,20
10299625,6,83,20
10799621,7,74,20
8430835,6,103,30
9629025,6,95,20
12066439,6,58,20
847791,6,129,30
228823,6,130,30
10887107,8,72,20
11903955,6,60,20
10957429,6,72,20
9951597,6,90,20
5227285,6,113,30
12398939,6,54,20
4241307,6,117,30
8274623,7,104,30
11020233,7,71,20
5284601,6,113,30
8449581,6,103,30
10833109,9,73,20
10644067,6,76,20
1113665,6,127,30
11950421,6,59,20
10973907,6,71,20
11164727,6,69,20
11440499,6,65,20
12257343,6,56,20
11312105,6,67,20
12118015,7,57,20
4733323,6,115,30
10543519,6,78,20
10634659,6,76,20
10302047,6,83,20
8957025,6,100,30
10301809,6,83,20
8075837,6,105,30
11544071,7,63,20
11505529,7,64,20
11315929,7,67,20
363111,6,130,30
11218585,8,69,20
12300729,6,55,20
8495067,6,102,30
9868649,6,92,20
10234385,6,85,20
9689547,6,94,20
8268099,7,104,30
12503715,6,53,20
10710035,6,75,20
11134361,6,70,20
12472285,6,53,20
10460807,6,80,20
11138673,6,70,20
10294851,6,83,20
10822791,6,73,20
810747,6,129,30
4314695,6,117,30
11111177,8,70,20
12149655,7,57,20
4812255,8,115,30
8902151,6,100,30
9528420,6,96,20
10439331,8,80,20
823725,6,129,30
10097927,6,88,20
9896271,6,91,20
10989783,6,71,20
11125737,7,70,20
11642155,6,62,20
10312813,6,83,20
10504235,7,79,20
12507255,6,53,20
5192677,6,113,30
12016165,6,58,20
11627105,6,62,20
11335212,7,66,20
11636989,7,62,20
8943025,6,100,30
8431731,6,103,30
11041849,6,71,20
10566773,6,78,20
4666865,6,115,30
5214545,7,113,30
11849173,6,60,20
11349737,6,66,20
11680235,6,62,20
10033191,6,89,20
11315689,6,67,20
11860023,6,60,20
10473659,6,80,20
9038071,10,99,20
10957399,6,72,20
4777675,7,115,30
8722707,6,101,30
11844357,6,60,20
11170537,6,69,20
8382255,7,103,30
10618181,6,77,20
12085353,6,58,20
11157265,6,69,20
4781833,6,115,30
12113549,6,57,20
12053783,6,58,20
4746357,6,115,30
10810233,6,74,20
11914035,6,59,20
12350821,6,55,20
8912981,7,100,30
10838517,6,73,20
11880057,6,60,20
4307639,6,117,30
10431057,7,81,20
11543287,8,63,20
9105061,7,99,20
8158647,6,104,30
10295635,6,83,20
9708097,7,94,20
4687711,6,115,30
9383955,7,97,20
12510043,7,53,20
544004,6,130,30
11324915,6,67,20
1072589,6,127,30
8763559,6,101,30
9192589,6,98,20
10436545,7,81,20
8636677,6,102,30
9730623,6,94,20
51751,6,131,30
11793817,6,61,20
10464909,7,80,20
9760345,6,94,20
8224615,6,104,30
1110963,6,127,30
9829379,6,93,20
11906293,6,60,20
14309,6,131,30
9447221,6,96,20
815151,6,129,30
857367,6,129,30
5098115,7,113,30
841925,6,129,30
9065791,6,99,20
10323131,6,83,20
9516437,7,96,20
11807285,6,60,20
1111859,6,127,30
11267837,6,68,20
10855817,6,73,20
4850335,7,114,30
814443,6,129,30
11948667,6,59,20
9883979,6,92,20
11228679,7,68,20
8754417,7,101,30
10038973,6,89,20
10567515,8,78,20
4338593,6,117,30
10725239,6,75,20
12299665,6,55,20
9597273,6,95,20
8272271,6,104,30
10222135,6,85,20
9262547,6,98,20
11922995,7,59,20
10932453,7,72,20
5071283,6,113,30
10592253,6,77,20
4370374,7,117,30
4248335,7,117,30
10311371,6,83,20
4789561,7,115,30
8966643,7,99,20
27083,6,131,30
4352145,7,117,30
10268629,6,84,20
4876081,7,114,30
438333,6,130,30
12318089,8,55,20
1116549,6,127,30
9277779,7,98,20
8182587,6,104,30
9593227,7,95,20
5175471,9,113,30
5151979,6,113,30
180075,7,130,30
4377135,11,117,30
842779,8,129,30
8288945,6,104,30
9099335,6,99,20
9727431,7,94,20
4672283,7,115,30
9153417,8,98,20
1108653,7,127,30
7936579,7,105,30
9682253,6,94,20
9396072,6,97,20
9162636,6,98,20
10167227,6,86,20
330575,6,130,30
8897945,6,100,30
11312637,7,67,20
10563510,8,78,20
12064157,6,58,20
8267021,9,104,30
11300933,6,67,20
10701145,6,75,20
8264277,6,104,30
10069871,6,88,20
8223397,6,104,30
10982223,7,71,20
8708777,6,101,30
5068161,6,114,30
9745967,6,94,20
8014867,6,105,30
9882733,6,92,20
8582973,10,102,30
9528071,6,96,20
8393181,6,103,30
4234629,6,117,30
10365411,6,82,20
8915109,6,100,30
4349793,7,117,30
8643434,7,102,30
8033991,7,105,30
10730335,6,75,20
11595815,7,63,20
11894724,6,60,20
10895759,6,72,20
11116973,6,70,20
12166091,6,57,20
12458677,7,53,20
12299312,9,55,20
12032811,7,58,20
10902661,6,72,20
8520169,6,102,30
11161238,6,69,20
10390919,7,81,20
12468225,6,53,20
12047833,6,58,20
10257631,6,84,20
9557611,7,95,20
11859127,6,60,20
10133837,6,87,20
11279826,6,67,20
10390051,6,81,20
8397403,6,103,30
11990153,6,59,20
11477949,6,64,20
11757137,6,61,20
11697203,6,62,20
11255097,6,68,20
9501065,6,96,20
11518563,10,64,20
11407697,6,65,20
880061,6,129,30
12494055,6,53,20
10103359,8,88,20
11354707,6,66,20
10463691,6,80,20
11978617,6,59,20
12141255,6,57,20
5049429,6,114,30
9214107,6,98,20
11538303,6,63,20
9854845,6,92,20
10500749,7,79,20
10892945,6,72,20
11051327,6,70,20
11995319,6,59,20
10560991,6,78,20
11186413,10,69,20
10574389,6,77,20
627823,9,130,30
11875297,6,60,20
8843303,6,100,30
9846389,6,92,20
10509709,6,79,20
11956469,6,59,20
5045607,7,114,30
11645487,6,62,20
8592843,6,102,30
311689,7,130,30
10429713,6,81,20
11762149,9,61,20
12213523,6,56,20
4268383,7,117,30
10455599,7,80,20
4751817,6,115,30
10723867,6,75,20
11807873,6,60,20
11576187,6,63,20
4885965,6,114,30
12456689,6,53,20
9751637,6,94,20
1043455,6,127,30
10887331,6,72,20
11115895,6,70,20
8954673,6,100,30
10934175,6,72,20
4687599,6,115,30
11217899,6,69,20
11766573,6,61,20
1115289,6,127,30
10762493,6,74,20
12132687,6,57,20
10065027,6,88,20
11726169,6,61,20
11372585,7,66,20
11228609,6,68,20
1130605,6,127,30
4977609,6,114,30
10727787,6,75,20
10201597,7,86,20
10331909,6,83,20
1053269,6,127,30
9574481,6,95,20
9189999,8,98,20
9218909,6,98,20
12091051,6,58,20
10268783,7,84,20
12032433,6,58,20
9604679,6,95,20
9951991,6,90,20
12132253,8,57,20
10610719,6,77,20
1077979,8,127,30
9973845,7,90,20
9520035,6,96,20
9312905,6,97,20
10063557,6,88,20
4328569,6,117,30
11915337,7,59,20
9995433,6,89,20
12385933,6,54,20
10138541,7,87,20
239057,6,130,30
11043403,6,71,20
12214545,7,56,20
4985519,6,114,30
11281459,6,67,20
8228815,6,104,30
8638105,6,102,30
11197277,6,69,20
12234411,6,56,20
10157805,6,87,20
8944915,6,100,30
4927195,6,114,30
9573207,6,95,20
10543729,6,78,20
9595691,7,95,20
11002453,6,71,20
10773427,7,74,20
9337503,6,97,20
9031379,8,99,20
8556331,6,102,30
10629563,8,76,20
10171889,6,86,20
10047415,6,89,20
840077,7,129,30
12305279,9,55,20
10441963,6,80,20
4628295,7,115,30
8403199,6,103,30
12373407,6,54,20
11103057,6,70,20
8502095,7,102,30
9041109,6,99,20
12434275,6,53,20
10292135,7,84,20
4162053,6,117,30
10357459,6,82,20
10570847,6,77,20
5076967,7,113,30
9188487,6,98,20
12307365,6,55,20
9562959,7,95,20
9663143,6,95,20
4317285,6,117,30
10978989,7,71,20
4697511,6,115,30
10820677,6,73,20
4859423,6,114,30
11205607,6,69,20
8266293,6,104,30
4185895,7,117,30
1121057,6,127,30
8040599,6,105,30
12300855,6,55,20
8813609,6,101,30
9964045,6,90,20
568631,6,130,30
8209887,7,104,30
10566913,8,78,20
9405011,7,97,20
221515,6,130,30
824621,7,129,30
4290349,6,117,30
9587011,6,95,20
10893052,7,72,20
9056075,6,99,20
8671523,8,102,30
11052937,6,70,20
5057339,12,114,30
10776899,7,74,20
4626265,6,115,30
12451789,6,53,20
10938165,6,72,20
12482519,7,53,20
10004911,6,89,20
9755249,6,94,20
8896021,6,100,30
8909705,6,100,30
10841089,6,73,20
12503477,6,53,20
10485937,6,79,20
871605,6,129,30
8877869,6,100,30
11089239,6,70,20
12488623,6,53,20
9265193,6,98,20
9859983,7,92,20
569807,8,130,30
11112619,6,70,20
8582399,6,102,30
8759723,7,101,30
10700571,7,75,20
8915683,7,100,30
11370037,9,66,20
4688355,6,115,30
10265773,6,84,20
10179883,8,86,20
5084317,6,113,30
4198411,6,117,30
8591653,9,102,30
4958597,8,114,30
10284631,8,84,20
8523809,6,102,30
5083477,8,113,30
5255845,6,113,30
4638459,6,115,30
8978235,6,99,20
4843335,6,114,30
7868917,6,105,30
9149595,6,98,20
5025769,6,114,30
9129477,6,99,20
9261441,6,98,20
10341135,6,83,20
9316223,6,97,20
8751757,7,101,30
10898671,8,72,20
10489227,7,79,20
9410135,6,97,20
4737691,6,115,30
10109183,6,88,20
4317747,6,117,30
136493,6,130,30
10386733,6,82,20
12486971,6,53,20
11951919,6,59,20
10864315,7,73,20
11547200,7,63,20
10241903,6,85,20
10710959,6,75,20
11449655,6,64,20
12184321,6,57,20
12241523,6,56,20
10941329,7,72,20
12170949,7,57,20
9464735,7,96,20
11168059,6,69,20
10495513,8,79,20
8522675,10,102,30
12259709,9,56,20
1054753,6,127,30
1054235,8,127,30
11275929,6,67,20
8885975,6,100,30
8257526,7,104,30
4741653,7,115,30
11813823,6,60,20
10135545,6,87,20
10729330,7,75,20
11994843,8,59,20
10689021,7,75,20
11274851,6,68,20
842681,6,129,30
407099,6,130,30
8966195,6,99,20
754663,6,129,30
163163,6,130,30
4245437,6,117,30
10887625,6,72,20
824747,8,129,30
28749,7,131,30
11252871,6,68,20
10582775,7,77,20
12245219,6,56,20
5119765,6,113,30
12086445,6,58,20
11619699,6,63,20
12270181,6,56,20
11410273,6,65,20
12136131,6,57,20
12381201,6,54,20
5277363,6,113,30
8916481,6,100,30
11376617,6,66,20
9344853,6,97,20
10027465,6,89,20
11274263,8,68,20
11943337,7,59,20
11999407,6,59,20
8232721,6,104,30
815381,6,129,30
10212797,6,86,20
8651377,6,102,30
7958419,8,105,30
12057521,6,58,20
1109983,6,127,30
11117813,6,70,20
11673613,6,62,20
11772299,6,61,20
813435,6,129,30
11514027,10,64,20
10737968,7,75,20
9936745,6,91,20
11729921,7,61,20
11683091,6,62,20
8936123,6,100,30
9514127,7,96,20
9702119,6,94,20
12183976,6,57,20
1102871,6,127,30
7906129,9,105,30
11944317,6,59,20
12144517,6,57,20
10842223,6,73,20
857353,6,129,30
11540837,6,63,20
4297294,6,117,30
12195001,7,57,20
11431679,6,65,20
12223127,9,56,20
4257099,6,117,30
9450371,6,96,20
10852751,8,73,20
4706121,9,115,30
11752181,6,61,20
12154695,12,57,20
8293061,6,104,30
11104920,7,70,20
11236141,6,68,20
4949497,7,114,30
11144259,12,69,20
10342647,7,82,20
12273779,6,56,20
7995169,7,105,30
9898007,6,91,20
11592371,7,63,20
9550121,7,95,20
9801295,8,93,20
10868151,6,73,20
10184839,6,86,20
8007315,6,105,30
12098961,8,58,20
10849335,6,73,20
10279101,6,84,20
832601,7,129,30
11682895,7,62,20
812329,8,129,30
8463049,6,103,30
11700381,6,62,20
877107,7,129,30
10951493,6,72,20
9505923,6,96,20
10017189,7,89,20
10861176,6,73,20
8330721,7,103,30
9816877,7,93,20
10641351,6,76,20
10355681,6,82,20
9580389,6,95,20
1133937,6,127,30
1079771,6,127,30
12157215,7,57,20
10612847,8,77,20
12109993,6,57,20
5080859,7,113,30
1062761,6,127,30
1123325,8,127,30
78883,6,131,30
8512917,6,102,30
11058313,6,70,20
376313,7,130,30
1074201,6,127,30
11605755,6,63,20
10789849,6,74,20
10745357,6,74,20
1070601,7,127,30
5245219,6,113,30
1061449,6,127,30
12155731,7,57,20
11599413,8,63,20
1132103,6,127,30
11389637,7,65,20
9879205,6,92,20
4627035,7,115,30
1088017,7,127,30
11500895,6,64,20
9302640,7,97,20
9977541,7,90,20
9462715,6,96,20
4946473,7,114,30
5214307,9,113,30
9874851,7,92,20
8355109,6,103,30
12492207,8,53,20
32515,9,131,30
5123307,6,113,30
8034019,6,105,30
4786033,7,115,30
11188835,7,69,20
606641,6,130,30
9115435,6,99,20
5102573,7,113,30
8208291,6,104,30
10915745,8,72,20
9929787,7,91,20
11950561,6,59,20
5147079,6,113,30
9031812,6,99,20
9889719,6,91,20
10322039,9,83,20
5161723,6,113,30
1086519,6,127,30
11084717,7,70,20
10031847,6,89,20
8161347,6,104,30
541289,9,130,30
4753273,6,115,30
9418661,6,97,20
10903921,6,72,20
10059189,7,88,20
1095391,6,127,30
9110955,8,99,20
4998035,6,114,30
4828621,6,114,30
8655689,6,102,30
11221091,6,68,20
11766853,7,61,20
9723287,6,94,20
5107305,6,113,30
5144559,7,113,30
4839695,6,114,30
10272899,8,84,20
10071593,6,88,20
10249281,6,85,20
9266915,7,98,20
9493743,7,96,20
10497529,7,79,20
8481907,6,103,30
9225489,6,98,20
9574019,7,95,20
8332093,6,103,30
11173617,9,69,20
4714899,6,115,30
9434721,7,96,20
9531879,6,96,20
8818243,6,101,30
12286001,7,56,20
10825619,7,73,20
10930353,6,72,20
5091289,7,113,30
9162321,6,98,20
11241643,6,68,20
10068249,7,88,20
9901481,6,91,20
10361771,6,82,20
12153001,6,57,20
12366404,6,54,20
12480279,6,53,20
10969679,6,71,20
12053713,6,58,20
8999585,6,99,20
12360005,6,54,20
10835685,6,73,20
10495765,6,79,20
10812753,6,74,20
9153949,7,98,20
8852459,8,100,30
5102335,6,113,30
10651263,6,76,20
12461869,6,53,20
10646307,6,76,20
12253689,6,56,20
832041,6,129,30
10047345,6,89,20
10600905,6,77,20
12137797,8,57,20
10612357,6,77,20
105749,6,130,30
4644353,6,115,30
827505,6,129,30
9857427,6,92,20
12514915,6,53,20
8212099,6,104,30
12388873,7,54,20
11867625,6,60,20
4792613,8,115,30
10754639,7,74,20
12177809,6,57,20
10645201,6,76,20
10445225,6,80,20
11657177,6,62,20
10003735,6,89,20
11710307,6,62,20
827309,8,129,30
10509303,9,79,20
7901999,6,105,30
10629143,7,76,20
12337045,6,55,20
10065587,6,88,20
12183731,7,57,20
9819453,6,93,20
11193189,7,69,20
7991879,6,105,30
12471534,6,53,20
8854741,6,100,30
11036991,6,71,20
12086767,6,58,20
9894087,9,91,20
10219671,6,85,20
12484087,7,53,20
11789043,8,61,20
11070787,8,70,20
11192591,8,69,20
4677309,6,115,30
8421413,6,103,30
12191823,6,57,20
10155747,6,87,20
8853495,6,100,30
11582347,6,63,20
10331097,6,83,20
11747373,7,61,20
11942637,6,59,20
4925725,6,114,30
11349667,6,66,20
11303565,7,67,20
12022045,6,58,20
8101100,6,105,30
11723831,6,61,20
11341225,6,66,20
11374334,6,66,20
11889335,6,60,20
10544065,6,78,20
4318811,6,117,30
11344487,6,66,20
4761939,7,115,30
5159819,6,113,30
10727303,6,75,20
11437727,8,65,20
12076197,6,58,20
15155,7,131,30
11578945,6,63,20
10851295,6,73,20
10605287,6,77,20
11156159,6,69,20
8139705,6,104,30
10771999,7,74,20
11184705,6,69,20
1115205,6,127,30
1037365,6,127,30
4729333,9,115,30
9347485,7,97,20
5208623,7,113,30
11638011,6,62,20
436219,6,130,30
11255041,8,68,20
12191305,7,57,20
11341085,6,66,20
9357411,8,97,20
11342429,6,66,20
11684603,7,62,20
10463285,6,80,20
9451323,6,96,20
4158273,7,117,30
4189507,6,117,30
5273401,7,113,30
12390847,6,54,20
11881457,6,60,20
12308681,7,55,20
10907365,7,72,20
4686199,6,115,30
11885517,6,60,20
11939767,7,59,20
10929751,7,72,20
11616423,6,63,20
11342807,6,66,20
11177180,6,69,20
11821173,8,60,20
11263259,6,68,20
11699135,6,62,20
10963449,8,72,20
11197515,6,69,20
11964099,6,59,20
10718603,6,75,20
10321523,7,83,20
9873913,6,92,20
4809301,6,115,30
487249,6,130,30
11543175,6,63,20
5148465,6,113,30
5121193,7,113,30
11705603,6,62,20
848169,9,129,30
10451959,6,80,20
10538003,6,78,20
8639295,8,102,30
9640001,6,95,20
9160683,6,98,20
397705,7,130,30
9039275,6,99,20
11310775,7,67,20
10397989,7,81,20
819245,6,129,30
860981,6,129,30
10896207,6,72,20
9643781,6,95,20
8887935,6,100,30
8300327,6,104,30
10178035,6,86,20
4268467,6,117,30
5123881,6,113,30
12309983,8,55,20
11031349,6,71,20
8998759,6,99,20
10628765,7,76,20
9261637,6,98,20
5066075,6,114,30
11519641,6,64,20
10159667,6,87,20
8073261,7,105,30
5048659,6,114,30
9281279,7,98,20
8496592,7,102,30
9144219,7,98,20
10626259,6,76,20
5307029,6,113,30
5280597,6,113,30
10784753,6,74,20
814233,7,129,30
4160345,7,117,30
9312443,6,97,20
8166165,7,104,30
1097845,6,127,30
4861759,7,114,30
9259593,7,98,20
10126599,6,87,20
1090061,6,127,30
10960649,7,72,20
11524975,7,64,20
11148683,6,69,20
9009161,6,99,20
10300085,6,83,20
4798885,8,115,30
5103651,6,113,30
847903,6,129,30
1036707,6,127,30
8895719,7,100,30
11270742,6,68,20
9072693,6,99,20
5026605,6,114,30
4943953,7,114,30
12034085,7,58,20
4781889,6,115,30
10028641,6,89,20
7890617,6,105,30
818013,6,129,30
4866225,7,114,30
69055,8,131,30
10175109,6,86,20
5221615,6,113,30
4772663,6,115,30
1115779,6,127,30
10008131,6,89,20
8469755,6,103,30
5004783,7,114,30
11866393,6,60,20
11506719,6,64,20
10183775,6,86,20
9625483,6,95,20
11380677,7,66,20
11219971,8,68,20
4302809,6,117,30
240191,6,130,30
11341057,6,66,20
8285725,7,104,30
5061483,6,114,30
8502235,7,102,30
10192413,6,86,20
10284253,6,84,20
8486037,6,103,30
8926225,6,100,30
9077000,6,99,20
10599085,6,77,20
10988523,6,71,20
10193841,9,86,20
12031383,6,58,20
9518817,6,96,20
12454071,6,53,20
10607261,6,77,20
10929443,6,72,20
9661337,6,95,20
9198469,6,98,20
4331355,6,117,30
9144527,6,98,20
4694627,6,115,30
12500957,8,53,20
11970931,6,59,20
8083243,6,105,30
9900177,6,91,20
11478915,6,64,20
12239591,6,56,20
12053881,6,58,20
11889535,6,60,20
12311824,7,55,20
10475367,6,80,20
11114425,6,70,20
11371955,14,66,20
11781693,6,61,20
11428767,8,65,20
11601009,6,63,20
12099801,6,58,20
1046507,6,127,30
8947323,6,100,30
1096627,7,127,30
8601985,6,102,30
9920995,6,91,20
12151027,6,57,20
11398877,6,65,20
11704007,6,62,20
10765909,6,74,20
11604117,8,63,20
10484145,7,79,20
11399507,6,65,20
12337885,6,55,20
120085,6,130,30
10172519,7,86,20
8754431,7,101,30
12410755,6,54,20
11066727,6,70,20
12478655,9,53,20
10902087,6,72,20
11569257,6,63,20
10933643,6,72,20
11860583,7,60,20
5122789,7,113,30
12074461,7,58,20
11515371,6,64,20
11759489,7,61,20
10673145,7,76,20
10679865,6,75,20
11751467,6,61,20
10337215,6,83,20
11466287,6,64,20
11629835,7,62,20
10359965,6,82,20
253421,6,130,30
11178783,6,69,20
8937635,8,100,30
568001,6,130,30
11343073,7,66,20
10158617,8,87,20
11875143,6,60,20
8872045,6,100,30
9976813,6,90,20
11346069,6,66,20
12082595,9,58,20
10566059,6,78,20
11270945,6,68,20
205625,6,130,30
8747585,6,101,30
11013639,6,71,20
11160947,6,69,20
11850769,6,60,20
8506421,6,102,30
11939291,6,59,20
596337,6,130,30
10729355,6,75,20
7934479,6,105,30
5314589,7,113,30
10753015,6,74,20
11376781,6,66,20
1049811,6,127,30
11272471,6,68,20
12103847,7,58,20
11475415,6,64,20
10520069,6,79,20
11437111,8,65,20
10443055,6,80,20
10877531,6,73,20
8534673,6,102,30
11024181,6,71,20
10363367,7,82,20
12498339,6,53,20
11688685,6,62,20
11009159,6,71,20
11338019,6,66,20
12418791,6,54,20
10905909,6,72,20
11403847,6,65,20
10579541,7,77,20
1116577,6,127,30
12467987,6,53,20
8899821,7,100,30
10456411,7,80,20
539273,6,130,30
11512742,6,64,20
8959629,6,99,20
308021,6,130,30
12078983,6,58,20
11346909,6,66,20
8530809,6,102,30
11008501,6,71,20
11667103,6,62,20
11241587,6,68,20
11514713,6,64,20
12104575,6,58,20
10952165,6,72,20
11945899,6,59,20
4326245,6,117,30
10165841,6,87,20
866173,6,129,30
8962923,6,99,20
4635505,7,115,30
4255645,6,117,30
12474917,6,53,20
9986879,6,90,20
12165321,7,57,20
12079683,7,58,20
11106753,6,70,20
11322003,6,67,20
11493951,6,64,20
7917189,6,105,30
10804171,6,74,20
5068105,6,114,30
12151755,6,57,20
12332201,6,55,20
8248401,7,104,30
10596439,6,77,20
5187903,7,113,30
12089903,6,58,20
10919181,6,72,20
62867,6,131,30
11739063,7,61,20
10135055,6,87,20
9209977,6,98,20
11609507,6,63,20
11859691,6,60,20
9451687,7,96,20
9074051,6,99,20
4293793,6,117,30
11770437,6,61,20
8748565,6,101,30
11085249,6,70,20
310807,6,130,30
10367623,6,82,20
4747393,6,115,30
8451807,6,103,30
10351789,7,82,20
8829205,7,100,30
10230269,6,85,20
8456959,6,103,30
9831835,6,93,20
8552523,7,102,30
9273075,7,98,20
811943,6,129,30
10127145,7,87,20
8635655,6,102,30
514465,6,130,30
11809889,6,60,20
11421137,6,65,20
4249682,6,117,30
10286801,6,84,20
11096253,7,70,20
10323327,6,83,20
10286745,6,84,20
4865623,6,114,30
9239167,6,98,20
11974094,9,59,20
4297419,6,117,30
4303607,6,117,30
4319693,6,117,30
10872715,6,73,20
4268948,8,117,30
4681509,7,115,30
11306253,6,67,20
11465083,7,64,20
9500491,6,96,20
8444233,6,103,30
396291,6,130,30
4678317,7,115,30
8349131,6,103,30
5015381,6,114,30
347515,6,130,30
813687,6,129,30
11694837,6,62,20
9137569,6,98,20
11037173,7,71,20
10851379,6,73,20
5171453,6,113,30
11724363,6,61,20
9047647,6,99,20
9768204,6,94,20
10162299,6,87,20
8652525,6,102,30
12007793,6,59,20
4378241,6,117,30
8220289,7,104,30
8508353,6,102,30
1061879,6,127,30
11163523,7,69,20
1115835,6,127,30
10313177,6,83,20
11094223,8,70,20
10147977,6,87,20
10594465,6,77,20
12128417,7,57,20
11543959,6,63,20
10656191,12,76,20
9042355,6,99,20
11347721,6,66,20
9677311,6,94,20
4321485,6,117,30
4817491,6,114,30
202713,9,130,30
1046843,9,127,30
831523,6,129,30
11758915,6,61,20
9299395,6,97,20
5209491,6,113,30
4729501,6,115,30
11395839,7,65,20
4326259,6,117,30
11901155,6,60,20
8112489,6,105,30
11092515,6,70,20
10727983,6,75,20
92001,6,131,30
8981651,6,99,20
8596833,7,102,30
7871577,6,105,30
11420925,6,65,20
11311391,6,67,20
9854159,6,92,20
8249437,6,104,30
8705327,6,101,30
7946981,6,105,30
11581129,6,63,20
4695593,6,115,30
10446051,6,80,20
4707045,6,115,30
11614981,6,63,20
9018709,6,99,20
4716313,6,115,30
5112863,6,113,30
5245429,6,113,30
12169941,7,57,20
5118855,7,113,30
10637487,6,76,20
11740505,6,61,20
10386803,6,82,20
9089549,6,99,20
12380347,6,54,20
12303263,8,55,20
8032353,6,105,30
11283461,7,67,20
11297727,6,67,20
10458343,7,80,20
10364123,6,82,20
10349983,7,82,20
10544877,8,78,20
8169259,7,104,30
8059037,8,105,30
11014241,6,71,20
10103303,6,88,20
10130939,7,87,20
11548747,7,63,20
4182409,7,117,30
8556807,6,102,30
8278319,6,104,30
11669049,6,62,20
10787287,6,74,20
12384043,6,54,20
11163174,6,69,20
11140031,6,70,20
10677569,13,76,20
10549497,6,78,20
11305511,6,67,20
12071493,6,58,20
264159,8,130,30
12185117,6,57,20
546707,6,130,30
10349871,6,82,20
1068445,6,127,30
11434605,8,65,20
10631929,8,76,20
4935287,6,114,30
10148260,7,87,20
10554033,6,78,20
11255601,6,68,20
10979339,6,71,20
10599701,6,77,20
11003237,6,71,20
9787477,6,93,20
11927321,6,59,20
9584897,7,95,20
11213797,6,69,20
10066035,6,88,20
29841,7,131,30
12504079,6,53,20
11462717,6,64,20
1127539,6,127,30
12124973,6,57,20
9700145,6,94,20
4270382,6,117,30
12486075,6,53,20
837501,8,129,30
796761,7,129,30
11208379,6,69,20
10861515,6,73,20
10871476,6,73,20
10522827,6,79,20
10188241,9,86,20
5250553,6,113,30
10026968,6,89,20
10504361,6,79,20
11313225,6,67,20
5151405,6,113,30
5198296,6,113,30
11002831,7,71,20
9583273,7,95,20
9429413,6,96,20
11175087,7,69,20
11296887,7,67,20
10122763,6,87,20
11475989,7,64,20
12059467,6,58,20
12504358,8,53,20
9293067,6,98,20
10937199,6,72,20
8489859,6,102,30
10208653,6,86,20
9936045,6,91,20
12309451,6,55,20
11708907,6,62,20
11306365,6,67,20
11931717,6,59,20
8150681,6,104,30
12042247,6,58,20
12298405,6,55,20
10233937,6,85,20
10678815,7,75,20
11582459,6,63,20
4974375,7,114,30
11008823,6,71,20
12446175,6,53,20
10435761,6,81,20
10958227,6,72,20
10476697,7,80,20
11948016,6,59,20
365852,6,130,30
12085479,7,58,20
12153127,7,57,20
10144421,6,87,20
10282167,6,84,20
10859695,9,73,20
11867186,6,60,20
10799691,7,74,20
11012435,6,71,20
10663345,7,76,20
10000977,7,89,20
8503075,6,102,30
8815331,6,101,30
11353797,8,66,20
10954545,6,72,20
11711833,6,62,20
12318817,7,55,20
10481793,6,79,20
9799929,6,93,20
11601387,6,63,20
12032867,7,58,20
11987675,7,59,20
5302857,6,113,30
10361589,6,82,20
11449501,6,64,20
9888347,6,92,20
11209261,6,69,20
11600883,7,63,20
11507335,6,64,20
1094471,8,127,30
10614779,7,77,20
4776121,8,115,30
8052611,7,105,30
723793,8,130,30
9428811,6,96,20
9423827,7,96,20
1111733,6,127,30
5201661,6,113,30
10321073,6,83,20
10596187,6,77,20
8921241,8,100,30
8144171,6,104,30
8747753,6,101,30
5012721,6,114,30
9275609,6,98,20
7906997,6,105,30
1100225,6,127,30
10601255,6,77,20
8814645,6,101,30
10235141,6,85,20
616203,6,130,30
4843657,6,114,30
5286323,6,113,30
9335095,6,97,20
10823351,6,73,20
9162503,6,98,20
11061225,6,70,20
2093,6,133,30
4345621,6,117,30
9185701,7,98,20
10633059,6,76,20
44415,6,131,30
11298469,6,67,20
8457379,6,103,30
8254757,6,104,30
451157,6,130,30
9654967,6,95,20
4324649,9,117,30
9744475,6,94,20
4310873,6,117,30
9703631,6,94,20
5300407,6,113,30
8771721,6,101,30
841379,7,129,30
10138625,6,87,20
457387,6,130,30
9679719,6,94,20
9886275,6,92,20
10766175,6,74,20
145425,6,130,30
403081,6,130,30
10596733,6,77,20
9810269,7,93,20
8333269,6,103,30
11982593,6,59,20
8951635,6,100,30
4646131,6,115,30
8989533,7,99,20
10154795,6,87,20
11388055,6,65,20
4828873,6,114,30
4977693,6,114,30
9426529,7,96,20
4341435,6,117,30
8963143,6,99,20
11783121,6,61,20
11224745,8,68,20
8309259,6,104,30
9002399,8,99,20
8910713,6,100,30
819399,7,129,30
834337,7,129,30
9816625,6,93,20
11354581,6,66,20
8879689,8,100,30
11073265,6,70,20
333207,6,130,30
12425077,6,54,20
12070541,6,58,20
8812867,6,101,30
8691248,6,101,30
8311527,6,104,30
1041523,6,127,30
4663715,6,115,30
8244929,6,104,30
40537,7,131,30
1131193,6,127,30
8022175,6,105,30
10592589,7,77,20
4671513,6,115,30
9599149,7,95,20
4908757,6,114,30
9048501,6,99,20
9297127,6,97,20
9980523,8,90,20
9204083,7,98,20
9855769,6,92,20
4775225,6,115,30
8557409,6,102,30
9747787,6,94,20
5008143,7,114,30
4167331,6,117,30
9030539,6,99,20
10833473,6,73,20
10967103,6,71,20
12441023,6,53,20
10814041,6,74,20
5208063,6,113,30
10598875,7,77,20
877331,7,129,30
12249447,6,56,20
11221945,6,68,20
9021047,6,99,20
11636216,6,62,20
12289277,6,55,20
12403531,6,54,20
12095503,6,58,20
12297047,7,55,20
9064125,8,99,20
12096959,6,58,20
10804703,7,74,20
11209933,6,69,20
12113171,8,57,20
12148899,6,57,20
4708949,6,115,30
872767,8,129,30
10643563,7,76,20
8072001,6,105,30
10092019,7,88,20
8610343,6,102,30
11155809,6,69,20
10131401,6,87,20
5164299,6,113,30
10104381,6,88,20
4985995,6,114,30
4166596,6,117,30
10771705,6,74,20
8452031,7,103,30
12058193,6,58,20
8799315,6,101,30
10080133,6,88,20
755223,6,129,30
12001877,7,59,20
9743839,6,94,20
10015018,9,89,20
8218525,6,104,30
4667551,6,115,30
10043243,6,89,20
12343709,6,55,20
11010797,6,71,20
11560913,6,63,20
12293939,7,55,20
867531,6,129,30
11120893,6,70,20
11441465,6,65,20
4182437,6,117,30
11321149,6,67,20
11483353,6,64,20
11155739,8,69,20
11818363,6,60,20
12253885,6,56,20
11464383,7,64,20
11624319,7,63,20
10032869,6,89,20
11331103,7,66,20
9883727,6,92,20
8099707,6,105,30
721245,6,130,30
11205649,6,69,20
12123279,9,57,20
9089381,6,99,20
8964650,7,99,20
12403797,6,54,20
376075,6,130,30
10644025,7,76,20
11394663,8,65,20
11100971,9,70,20
8074804,7,105,30
12027127,6,58,20
11944695,7,59,20
849756,6,129,30
5300295,7,113,30
11774119,6,61,20
4833829,6,114,30
11273521,6,68,20
829297,6,129,30
11921861,7,59,20
11698561,7,62,20
9350565,7,97,20
9775143,9,94,20
5040287,6,114,30
10358005,6,82,20
10213931,7,86,20
1078315,6,127,30
11720639,10,61,20
9393839,6,97,20
12388915,8,54,20
10776829,6,74,20
10340239,7,83,20
11489807,7,64,20
4976405,6,114,30
11217269,7,69,20
4994171,7,114,30
11681397,7,62,20
9801841,7,93,20
10877937,6,73,20
11358333,6,66,20
9205973,6,98,20
11383127,6,66,20
11882969,6,60,20
11951163,6,59,20
12279883,6,56,20
10108385,8,88,20
11318867,6,67,20
10743946,9,75,20
10655869,8,76,20
8370369,6,103,30
9452289,7,96,20
10459589,6,80,20
10357823,6,82,20
8636607,6,102,30
10882851,7,73,20
11829237,6,60,20
11327225,9,67,20
11650345,6,62,20
12177893,6,57,20
5277153,7,113,30
10713381,6,75,20
9955841,6,90,20
812120,8,129,30
9382485,7,97,20
10363017,7,82,20
11413801,6,65,20
4857713,6,114,30
11872399,6,60,20
355131,6,130,30
328657,6,130,30
545914,6,130,30
812959,7,129,30
4185055,7,117,30
4934741,6,114,30
9151079,6,98,20
9136533,6,98,20
9359707,6,97,20
11634612,6,62,20
8146467,6,104,30
10173261,10,86,20
10569657,10,78,20
10587199,6,77,20
10731035,6,75,20
10712401,6,75,20
88655,6,131,30
8936655,6,100,30
8141763,8,104,30
4310677,6,117,30
8740855,7,101,30
5086151,6,113,30
11257841,6,68,20
8657537,12,102,30
8226729,8,104,30
11279317,6,67,20
875316,6,129,30
4642438,6,115,30
11039763,6,71,20
9850265,9,92,20
12387179,6,54,20
4815797,6,115,30
8655986,7,102,30
1099553,6,127,30
8907633,6,100,30
4161647,6,117,30
4931549,7,114,30
5091191,6,113,30
10076423,7,88,20
11926019,8,59,20
4625355,6,115,30
10769983,6,74,20
10741409,6,75,20
8675429,6,102,30
10242701,6,85,20
10264387,6,84,20
457723,6,130,30
9332113,6,97,20
10894947,6,72,20
9939447,6,91,20
11704525,6,62,20
12135403,7,57,20
9859941,7,92,20
8612275,6,102,30
11098857,6,70,20
4162585,7,117,30
10608073,6,77,20
9634163,9,95,20
9666069,7,95,20
8173809,6,104,30
8998745,7,99,20
8935241,7,100,30
10449271,6,80,20
10620673,7,76,20
5076043,6,113,30
10693137,6,75,20
829936,8,129,30
10618321,6,77,20
9357887,7,97,20
10117765,6,88,20
9360505,7,97,20
4820753,6,114,30
10642247,7,76,20
10365005,6,82,20
10229499,6,85,20
11750921,6,61,20
9516507,6,96,20
83615,6,131,30
5297075,6,113,30
4163971,6,117,30
10902199,6,72,20
10203434,7,86,20
9147607,6,98,20
9498727,6,96,20
8220667,6,104,30
866831,6,129,30
9294509,6,97,20
11609451,6,63,20
10334639,6,83,20
10276721,6,84,20
4946921,7,114,30
8888311,6,100,30
8389815,6,103,30
9191861,7,98,20
4671779,6,115,30
5013967,6,114,30
4660243,7,115,30
10869411,6,73,20
11436257,6,65,20
10172757,7,86,20
4902149,6,114,30
8782137,7,101,30
4672983,6,115,30
11594739,6,63,20
11951527,8,59,20
10438029,6,80,20
9067877,6,99,20
10186393,7,86,20
8194963,6,104,30
9515065,7,96,20
11631725,6,62,20
8184519,7,104,30
4217507,6,117,30
9759001,6,94,20
812553,6,129,30
12461267,7,53,20
11119283,6,70,20
11307429,7,67,20
12436543,8,53,20
12056975,6,58,20
9182719,6,98,20
10700039,6,75,20
8728993,6,101,30
11665101,6,62,20
10609431,6,77,20
11551950,6,63,20
1119181,6,127,30
7878507,7,105,30
11459416,7,64,20
10247083,6,85,20
10295593,6,83,20
12817,6,132,30
10579457,7,77,20
11964649,6,59,20
11286667,6,67,20
8255695,6,104,30
11706548,6,62,20
12403083,6,54,20
11292309,6,67,20
11503121,6,64,20
5025405,6,114,30
11813993,8,60,20
308343,6,130,30
11129195,6,70,20
10219293,8,85,20
12129929,6,57,20
11289985,6,67,20
10949715,8,72,20
4656100,6,115,30
10926909,6,72,20
11068141,6,70,20
11695229,6,62,20
11475639,6,64,20
11978645,6,59,20
12404203,11,54,20
11295207,6,67,20
12287611,8,55,20
413833,6,130,30
5121557,9,113,30
10000277,6,89,20
11855557,6,60,20
11587037,7,63,20
10056711,6,88,20
11410595,7,65,20
12331739,6,55,20
11724153,6,61,20
1114687,6,127,30
8001961,6,105,30
12352095,7,54,20
4334813,9,117,30
12238850,6,56,20
10927161,6,72,20
10299079,6,83,20
10120831,6,87,20
10131611,10,87,20
87213,7,131,30
4885629,6,114,30
9581495,9,95,20
9883671,6,92,20
11131519,9,70,20
12441317,8,53,20
8084265,6,105,30
4830301,6,114,30
12432399,6,53,20
1064721,6,127,30
1049447,7,127,30
206437,7,130,30
815423,6,129,30
11187211,7,69,20
11371689,9,66,20
503119,6,130,30
10895073,6,72,20
535605,6,130,30
656411,8,130,30
11113137,6,70,20
10743034,6,75,20
11218599,6,69,20
10114573,6,88,20
12286155,6,56,20
9474339,6,96,20
9974587,7,90,20
11322801,7,67,20
11796155,6,61,20
12215553,6,56,20
9119971,6,99,20
1038093,6,127,30
8039437,6,105,30
11363289,6,66,20
11760511,6,61,20
12398701,6,54,20
9645181,7,95,20
11411589,6,65,20
10999849,8,71,20
11705973,7,62,20
10659481,6,76,20
10887835,6,72,20
12478529,6,53,20
11653425,6,62,20
12279365,6,56,20
10901849,6,72,20
12303569,6,55,20
12372521,8,54,20
11538667,6,63,20
4276223,6,117,30
11567843,6,63,20
10819711,6,73,20
11768967,6,61,20
12111925,7,57,20
11626895,6,62,20
4846639,6,114,30
10437791,6,80,20
11766251,6,61,20
10986157,6,71,20
12105695,6,57,20
11370807,6,66,20
9894759,7,91,20
11813711,6,60,20
4662175,6,115,30
12072263,7,58,20
11490017,7,64,20
4337403,6,117,30
10036411,9,89,20
11960473,6,59,20
4691561,6,115,30
10545079,6,78,20
4927937,7,114,30
9943185,6,91,20
11312931,6,67,20
9067261,6,99,20
10883873,6,73,20
11933747,6,59,20
7946155,6,105,30
9176867,6,98,20
9816548,7,93,20
8928843,7,100,30
8843793,6,100,30
9576049,7,95,20
10703231,6,75,20
9052211,7,99,20
11863733,6,60,20
8605639,6,102,30
4956665,6,114,30
5020455,6,114,30
10267299,6,84,20
10726359,6,75,20
4350157,9,117,30
11927853,6,59,20
4793271,7,115,30
10110303,7,88,20
12089917,6,58,20
10628009,7,76,20
10313863,6,83,20
7922271,6,105,30
10645495,6,76,20
4195499,6,117,30
4754575,6,115,30
9048641,9,99,20
11763899,6,61,20
11123702,7,70,20
9804585,6,93,20
8445605,6,103,30
8006355,6,105,30
9946601,6,90,20
4746287,6,115,30
9541077,8,96,20
8441461,8,103,30
10124625,6,87,20
9330713,7,97,20
4638387,8,115,30
371385,13,130,30
12316423,6,55,20
8986313,6,99,20
9058007,6,99,20
9052407,6,99,20
4198313,6,117,30
10476599,9,80,20
8832369,6,100,30
8164471,6,104,30
10255525,7,85,20
8334809,9,103,30
12312279,7,55,20
8649529,6,102,30
8089109,7,105,30
4311293,6,117,30
8812391,7,101,30
10243317,7,85,20
9870553,6,92,20
8826727,6,100,30
9047185,6,99,20
9123177,8,99,20
10118829,7,87,20
9170496,6,98,20
4921847,6,114,30
744079,6,129,30
9915185,6,91,20
4366733,7,117,30
9769557,6,94,20
557739,7,130,30
12236707,7,56,20
10822175,8,73,20
630609,7,130,30
8908501,7,100,30
1107113,6,127,30
11444377,6,65,20
5090379,8,113,30
8296029,6,104,30
8932343,7,100,30
9279487,6,98,20
10211901,6,86,20
11291987,6,67,20
11414557,6,65,20
11208953,6,69,20
10114951,6,88,20
4846975,6,114,30
10219265,7,85,20
4683777,6,115,30
12502567,6,53,20
11782687,6,61,20
9272599,7,98,20
10581123,7,77,20
8811299,7,101,30
10426325,7,81,20
9789445,6,93,20
12305027,6,55,20
4693815,6,115,30
9776459,6,94,20
8138627,6,104,30
4860485,6,114,30
12454617,6,53,20
10911047,7,72,20
11698295,6,62,20
11295655,6,67,20
12370911,7,54,20
12283509,7,56,20
12446567,6,53,20
8438003,6,103,30
10830029,6,73,20
12013897,6,58,20
10489829,6,79,20
10450377,6,80,20
11347917,6,66,20
10687649,6,75,20
11585357,7,63,20
10672389,6,76,20
10442187,6,80,20
12098583,6,58,20
10802659,7,74,20
10915219,6,72,20
11423251,7,65,20
11017643,5,71,20
10132017,4,87,20
